bairro_cidade,month,cvli_monthly
NONE / ABAIARA,2022-07,1
NONE / ABAIARA,2022-12,1
NONE / ABAIARA,2023-01,1
NONE / ABAIARA,2024-01,1
NONE / ABAIARA,2024-12,1
NONE / ACARAPE,2022-05,1
NONE / ACARAPE,2022-08,1
NONE / ACARAPE,2022-10,1
NONE / ACARAPE,2022-11,1
NONE / ACARAPE,2023-02,2
NONE / ACARAPE,2023-11,1
NONE / ACARAPE,2024-03,1
NONE / ACARAPE,2024-07,1
NONE / ACARAPE,2024-10,2
NONE / ACARAPE,2024-11,2
NONE / ACARAPE,2025-03,1
NONE / ACARAPE,2025-05,2
NONE / ACARAPE,2025-08,1
NONE / ACARAÚ,2022-02,3
NONE / ACARAÚ,2022-03,1
NONE / ACARAÚ,2022-04,3
NONE / ACARAÚ,2022-05,1
NONE / ACARAÚ,2022-07,1
NONE / ACARAÚ,2022-08,4
NONE / ACARAÚ,2022-09,1
NONE / ACARAÚ,2022-11,2
NONE / ACARAÚ,2022-12,1
NONE / ACARAÚ,2023-01,2
NONE / ACARAÚ,2023-06,2
NONE / ACARAÚ,2023-08,1
NONE / ACARAÚ,2023-10,2
NONE / ACARAÚ,2023-11,2
NONE / ACARAÚ,2023-12,3
NONE / ACARAÚ,2024-02,3
NONE / ACARAÚ,2024-04,1
NONE / ACARAÚ,2024-05,1
NONE / ACARAÚ,2024-07,1
NONE / ACARAÚ,2024-09,2
NONE / ACARAÚ,2024-10,1
NONE / ACARAÚ,2024-11,1
NONE / ACARAÚ,2025-03,1
NONE / ACARAÚ,2025-04,2
NONE / ACARAÚ,2025-06,1
NONE / ACARAÚ,2025-07,1
NONE / ACARAÚ,2025-11,2
NONE / ACOPIARA,2022-04,1
NONE / ACOPIARA,2022-05,2
NONE / ACOPIARA,2022-06,1
NONE / ACOPIARA,2022-07,1
NONE / ACOPIARA,2022-09,2
NONE / ACOPIARA,2022-10,2
NONE / ACOPIARA,2022-11,1
NONE / ACOPIARA,2023-03,1
NONE / ACOPIARA,2023-04,2
NONE / ACOPIARA,2023-07,1
NONE / ACOPIARA,2023-08,1
NONE / ACOPIARA,2023-09,1
NONE / ACOPIARA,2023-11,1
NONE / ACOPIARA,2023-12,1
NONE / ACOPIARA,2024-02,1
NONE / ACOPIARA,2024-04,3
NONE / ACOPIARA,2024-05,2
NONE / ACOPIARA,2024-06,1
NONE / ACOPIARA,2024-07,1
NONE / ACOPIARA,2024-08,1
NONE / ACOPIARA,2024-09,3
NONE / ACOPIARA,2024-10,2
NONE / ACOPIARA,2024-11,2
NONE / ACOPIARA,2024-12,1
NONE / ACOPIARA,2025-01,1
NONE / ACOPIARA,2025-03,1
NONE / ACOPIARA,2025-06,1
NONE / ACOPIARA,2025-08,1
NONE / ACOPIARA,2025-09,1
NONE / ACOPIARA,2025-10,1
NONE / ACOPIARA,2025-11,1
NONE / AIUABA,2022-01,1
NONE / AIUABA,2023-02,1
NONE / AIUABA,2023-03,1
NONE / AIUABA,2023-06,1
NONE / AIUABA,2024-03,1
NONE / AIUABA,2025-06,1
NONE / ALCÂNTARAS,2022-10,1
NONE / ALCÂNTARAS,2023-07,1
NONE / ALCÂNTARAS,2023-12,1
NONE / ALTANEIRA,2022-06,1
NONE / ALTANEIRA,2022-07,1
NONE / ALTANEIRA,2023-11,1
NONE / ALTANEIRA,2024-02,1
NONE / ALTANEIRA,2024-04,1
NONE / ALTANEIRA,2025-05,1
NONE / ALTANEIRA,2025-08,1
NONE / ALTANEIRA,2026-01,1
NONE / ALTO SANTO,2022-01,2
NONE / ALTO SANTO,2022-04,1
NONE / ALTO SANTO,2022-05,2
NONE / ALTO SANTO,2022-06,3
NONE / ALTO SANTO,2022-08,1
NONE / ALTO SANTO,2022-11,5
NONE / ALTO SANTO,2022-12,1
NONE / ALTO SANTO,2023-01,2
NONE / ALTO SANTO,2023-02,2
NONE / ALTO SANTO,2023-06,1
NONE / ALTO SANTO,2023-07,1
NONE / ALTO SANTO,2023-08,1
NONE / ALTO SANTO,2023-09,1
NONE / ALTO SANTO,2023-10,2
NONE / ALTO SANTO,2023-11,2
NONE / ALTO SANTO,2024-01,3
NONE / ALTO SANTO,2024-04,2
NONE / ALTO SANTO,2024-08,2
NONE / ALTO SANTO,2024-09,1
NONE / ALTO SANTO,2024-10,1
NONE / ALTO SANTO,2024-11,1
NONE / ALTO SANTO,2025-05,1
NONE / ALTO SANTO,2025-07,1
NONE / ALTO SANTO,2025-08,1
NONE / AMONTADA,2022-01,1
NONE / AMONTADA,2022-03,3
NONE / AMONTADA,2022-06,2
NONE / AMONTADA,2022-08,2
NONE / AMONTADA,2022-09,1
NONE / AMONTADA,2022-10,1
NONE / AMONTADA,2022-11,1
NONE / AMONTADA,2023-01,3
NONE / AMONTADA,2023-04,7
NONE / AMONTADA,2023-05,4
NONE / AMONTADA,2023-06,2
NONE / AMONTADA,2023-07,1
NONE / AMONTADA,2023-08,2
NONE / AMONTADA,2023-09,3
NONE / AMONTADA,2023-10,6
NONE / AMONTADA,2023-11,1
NONE / AMONTADA,2023-12,4
NONE / AMONTADA,2024-01,5
NONE / AMONTADA,2024-02,4
NONE / AMONTADA,2024-03,1
NONE / AMONTADA,2024-04,3
NONE / AMONTADA,2024-05,7
NONE / AMONTADA,2024-06,2
NONE / AMONTADA,2024-07,4
NONE / AMONTADA,2024-08,4
NONE / AMONTADA,2024-09,4
NONE / AMONTADA,2024-10,5
NONE / AMONTADA,2024-11,4
NONE / AMONTADA,2024-12,1
NONE / AMONTADA,2025-01,5
NONE / AMONTADA,2025-02,2
NONE / AMONTADA,2025-03,4
NONE / AMONTADA,2025-05,2
NONE / AMONTADA,2025-06,2
NONE / AMONTADA,2025-07,2
NONE / AMONTADA,2025-08,11
NONE / AMONTADA,2025-09,5
NONE / AMONTADA,2025-10,3
NONE / AMONTADA,2025-11,4
NONE / AMONTADA,2025-12,2
NONE / ANTONINA DO NORTE,2024-03,1
NONE / ANTONINA DO NORTE,2024-08,1
NONE / ANTONINA DO NORTE,2024-09,2
NONE / APUIARÉS,2022-01,1
NONE / APUIARÉS,2022-02,2
NONE / APUIARÉS,2022-05,1
NONE / APUIARÉS,2023-02,1
NONE / APUIARÉS,2023-03,1
NONE / APUIARÉS,2023-04,1
NONE / APUIARÉS,2023-06,1
NONE / APUIARÉS,2023-07,1
NONE / APUIARÉS,2023-08,1
NONE / APUIARÉS,2023-12,1
NONE / APUIARÉS,2024-05,1
NONE / APUIARÉS,2025-01,3
NONE / APUIARÉS,2025-02,3
NONE / APUIARÉS,2025-09,1
NONE / APUIARÉS,2025-12,1
NONE / AQUIRAZ,2022-01,2
NONE / AQUIRAZ,2022-02,8
NONE / AQUIRAZ,2022-03,12
NONE / AQUIRAZ,2022-04,4
NONE / AQUIRAZ,2022-05,6
NONE / AQUIRAZ,2022-06,5
NONE / AQUIRAZ,2022-07,7
NONE / AQUIRAZ,2022-08,4
NONE / AQUIRAZ,2022-09,5
NONE / AQUIRAZ,2022-10,8
NONE / AQUIRAZ,2022-11,8
NONE / AQUIRAZ,2022-12,2
NONE / AQUIRAZ,2023-01,6
NONE / AQUIRAZ,2023-02,2
NONE / AQUIRAZ,2023-03,5
NONE / AQUIRAZ,2023-04,6
NONE / AQUIRAZ,2023-05,4
NONE / AQUIRAZ,2023-07,1
NONE / AQUIRAZ,2023-08,2
NONE / AQUIRAZ,2023-09,1
NONE / AQUIRAZ,2023-11,3
NONE / AQUIRAZ,2023-12,2
NONE / AQUIRAZ,2024-01,3
NONE / AQUIRAZ,2024-02,2
NONE / AQUIRAZ,2024-03,7
NONE / AQUIRAZ,2024-04,4
NONE / AQUIRAZ,2024-05,2
NONE / AQUIRAZ,2024-06,2
NONE / AQUIRAZ,2024-07,3
NONE / AQUIRAZ,2024-08,2
NONE / AQUIRAZ,2024-09,1
NONE / AQUIRAZ,2024-11,3
NONE / AQUIRAZ,2024-12,3
NONE / AQUIRAZ,2025-01,2
NONE / AQUIRAZ,2025-03,1
NONE / AQUIRAZ,2025-04,2
NONE / AQUIRAZ,2025-05,3
NONE / AQUIRAZ,2025-06,4
NONE / AQUIRAZ,2025-07,3
NONE / AQUIRAZ,2025-08,1
NONE / AQUIRAZ,2025-10,4
NONE / AQUIRAZ,2025-11,3
NONE / ARACATI,2022-01,2
NONE / ARACATI,2022-02,1
NONE / ARACATI,2022-05,1
NONE / ARACATI,2022-06,1
NONE / ARACATI,2022-07,3
NONE / ARACATI,2022-08,2
NONE / ARACATI,2022-09,3
NONE / ARACATI,2022-10,2
NONE / ARACATI,2022-11,4
NONE / ARACATI,2022-12,1
NONE / ARACATI,2023-01,2
NONE / ARACATI,2023-02,8
NONE / ARACATI,2023-03,1
NONE / ARACATI,2023-04,1
NONE / ARACATI,2023-06,1
NONE / ARACATI,2023-09,2
NONE / ARACATI,2023-10,1
NONE / ARACATI,2023-11,6
NONE / ARACATI,2024-01,4
NONE / ARACATI,2024-02,4
NONE / ARACATI,2024-04,3
NONE / ARACATI,2024-05,2
NONE / ARACATI,2024-06,2
NONE / ARACATI,2024-07,1
NONE / ARACATI,2024-08,1
NONE / ARACATI,2024-09,5
NONE / ARACATI,2024-10,2
NONE / ARACATI,2024-11,2
NONE / ARACATI,2024-12,3
NONE / ARACATI,2025-01,5
NONE / ARACATI,2025-02,1
NONE / ARACATI,2025-03,4
NONE / ARACATI,2025-04,2
NONE / ARACATI,2025-06,1
NONE / ARACATI,2025-09,4
NONE / ARACATI,2026-01,2
NONE / ARACOIABA,2022-01,1
NONE / ARACOIABA,2022-02,1
NONE / ARACOIABA,2022-03,1
NONE / ARACOIABA,2022-04,1
NONE / ARACOIABA,2022-05,2
NONE / ARACOIABA,2022-07,2
NONE / ARACOIABA,2022-08,2
NONE / ARACOIABA,2022-09,1
NONE / ARACOIABA,2022-11,1
NONE / ARACOIABA,2023-03,1
NONE / ARACOIABA,2023-04,2
NONE / ARACOIABA,2023-07,3
NONE / ARACOIABA,2023-08,2
NONE / ARACOIABA,2023-09,3
NONE / ARACOIABA,2023-11,2
NONE / ARACOIABA,2023-12,1
NONE / ARACOIABA,2024-02,5
NONE / ARACOIABA,2024-05,1
NONE / ARACOIABA,2024-07,1
NONE / ARACOIABA,2024-11,1
NONE / ARACOIABA,2024-12,1
NONE / ARACOIABA,2025-01,1
NONE / ARACOIABA,2025-04,2
NONE / ARACOIABA,2025-05,1
NONE / ARARENDÁ,2022-02,1
NONE / ARARENDÁ,2022-10,1
NONE / ARARENDÁ,2022-11,1
NONE / ARARENDÁ,2022-12,1
NONE / ARARENDÁ,2025-08,1
NONE / ARARIPE,2022-01,1
NONE / ARARIPE,2022-08,1
NONE / ARARIPE,2022-09,1
NONE / ARARIPE,2024-02,1
NONE / ARARIPE,2024-09,1
NONE / ARARIPE,2024-12,2
NONE / ARARIPE,2025-10,1
NONE / ARATUBA,2022-03,1
NONE / ARATUBA,2022-04,1
NONE / ARATUBA,2022-05,1
NONE / ARATUBA,2022-07,1
NONE / ARATUBA,2022-10,1
NONE / ARATUBA,2022-12,3
NONE / ARATUBA,2023-07,1
NONE / ARATUBA,2023-09,1
NONE / ARATUBA,2023-11,2
NONE / ARATUBA,2024-02,1
NONE / ARATUBA,2024-05,2
NONE / ARATUBA,2024-07,1
NONE / ARATUBA,2024-08,2
NONE / ARATUBA,2024-09,1
NONE / ARATUBA,2024-12,1
NONE / ARATUBA,2025-01,1
NONE / ARATUBA,2025-03,1
NONE / ARATUBA,2025-05,1
NONE / ARATUBA,2025-06,1
NONE / ARATUBA,2025-07,1
NONE / ARATUBA,2025-08,3
NONE / ARATUBA,2025-09,1
NONE / ARATUBA,2025-10,2
NONE / ARATUBA,2025-11,2
NONE / ARATUBA,2025-12,2
NONE / ARNEIROZ,2022-12,1
NONE / ARNEIROZ,2025-08,1
NONE / ASSARÉ,2022-03,1
NONE / ASSARÉ,2022-04,3
NONE / ASSARÉ,2022-10,2
NONE / ASSARÉ,2022-11,1
NONE / ASSARÉ,2023-01,1
NONE / ASSARÉ,2023-03,3
NONE / ASSARÉ,2023-04,1
NONE / ASSARÉ,2023-09,1
NONE / ASSARÉ,2024-01,1
NONE / ASSARÉ,2024-02,1
NONE / ASSARÉ,2024-03,1
NONE / ASSARÉ,2024-10,2
NONE / ASSARÉ,2024-11,1
NONE / ASSARÉ,2024-12,2
NONE / ASSARÉ,2025-01,2
NONE / ASSARÉ,2026-01,1
NONE / AURORA,2022-02,1
NONE / AURORA,2023-06,1
NONE / AURORA,2023-08,1
NONE / AURORA,2023-12,1
NONE / AURORA,2024-06,1
NONE / AURORA,2025-09,3
NONE / BANABUIÚ,2022-04,2
NONE / BANABUIÚ,2022-05,1
NONE / BANABUIÚ,2022-06,1
NONE / BANABUIÚ,2022-11,1
NONE / BANABUIÚ,2023-05,1
NONE / BANABUIÚ,2023-07,1
NONE / BANABUIÚ,2023-08,1
NONE / BANABUIÚ,2023-11,1
NONE / BANABUIÚ,2024-04,1
NONE / BANABUIÚ,2024-05,1
NONE / BANABUIÚ,2024-06,1
NONE / BANABUIÚ,2024-11,3
NONE / BANABUIÚ,2024-12,4
NONE / BANABUIÚ,2025-01,1
NONE / BANABUIÚ,2025-02,1
NONE / BANABUIÚ,2025-05,1
NONE / BANABUIÚ,2025-11,2
NONE / BARBALHA,2022-04,3
NONE / BARBALHA,2022-05,1
NONE / BARBALHA,2022-06,1
NONE / BARBALHA,2022-07,1
NONE / BARBALHA,2022-08,1
NONE / BARBALHA,2022-11,1
NONE / BARBALHA,2023-01,1
NONE / BARBALHA,2023-03,1
NONE / BARBALHA,2023-05,1
NONE / BARBALHA,2023-06,1
NONE / BARBALHA,2023-07,1
NONE / BARBALHA,2023-08,2
NONE / BARBALHA,2023-09,3
NONE / BARBALHA,2023-10,2
NONE / BARBALHA,2023-11,1
NONE / BARBALHA,2023-12,2
NONE / BARBALHA,2024-03,4
NONE / BARBALHA,2024-04,1
NONE / BARBALHA,2024-05,2
NONE / BARBALHA,2024-06,2
NONE / BARBALHA,2024-08,1
NONE / BARBALHA,2024-09,1
NONE / BARBALHA,2024-10,2
NONE / BARBALHA,2024-11,2
NONE / BARBALHA,2024-12,2
NONE / BARBALHA,2025-01,1
NONE / BARBALHA,2025-02,1
NONE / BARBALHA,2025-03,2
NONE / BARBALHA,2025-04,3
NONE / BARBALHA,2025-06,1
NONE / BARBALHA,2025-07,1
NONE / BARBALHA,2025-08,3
NONE / BARBALHA,2025-09,1
NONE / BARBALHA,2025-10,2
NONE / BARBALHA,2025-11,3
NONE / BARBALHA,2025-12,1
NONE / BARREIRA,2022-01,2
NONE / BARREIRA,2022-04,1
NONE / BARREIRA,2022-05,1
NONE / BARREIRA,2022-09,2
NONE / BARREIRA,2022-10,1
NONE / BARREIRA,2023-01,1
NONE / BARREIRA,2023-02,1
NONE / BARREIRA,2023-04,1
NONE / BARREIRA,2023-06,1
NONE / BARREIRA,2023-07,1
NONE / BARREIRA,2023-09,1
NONE / BARREIRA,2023-10,1
NONE / BARREIRA,2023-12,1
NONE / BARREIRA,2025-04,1
NONE / BARREIRA,2025-06,1
NONE / BARREIRA,2025-07,1
NONE / BARREIRA,2025-08,1
NONE / BARREIRA,2025-10,1
NONE / BARRO,2022-05,2
NONE / BARRO,2022-12,1
NONE / BARRO,2023-03,1
NONE / BARRO,2024-03,1
NONE / BARRO,2024-10,1
NONE / BARRO,2024-12,1
NONE / BARRO,2025-01,1
NONE / BARRO,2025-08,1
NONE / BARROQUINHA,2022-04,1
NONE / BARROQUINHA,2022-08,1
NONE / BARROQUINHA,2022-11,1
NONE / BARROQUINHA,2023-01,1
NONE / BARROQUINHA,2023-03,1
NONE / BARROQUINHA,2023-08,2
NONE / BARROQUINHA,2023-10,1
NONE / BARROQUINHA,2023-11,1
NONE / BARROQUINHA,2023-12,2
NONE / BARROQUINHA,2024-03,1
NONE / BARROQUINHA,2024-05,1
NONE / BARROQUINHA,2024-08,1
NONE / BARROQUINHA,2024-10,1
NONE / BARROQUINHA,2025-03,1
NONE / BARROQUINHA,2025-10,1
NONE / BATURITÉ,2022-01,2
NONE / BATURITÉ,2022-02,2
NONE / BATURITÉ,2022-03,1
NONE / BATURITÉ,2022-04,2
NONE / BATURITÉ,2022-05,1
NONE / BATURITÉ,2022-07,1
NONE / BATURITÉ,2022-11,1
NONE / BATURITÉ,2022-12,1
NONE / BATURITÉ,2023-02,1
NONE / BATURITÉ,2023-06,3
NONE / BATURITÉ,2023-07,1
NONE / BATURITÉ,2023-10,1
NONE / BATURITÉ,2023-11,3
NONE / BATURITÉ,2024-02,1
NONE / BATURITÉ,2024-03,2
NONE / BATURITÉ,2024-04,4
NONE / BATURITÉ,2024-05,2
NONE / BATURITÉ,2024-06,3
NONE / BATURITÉ,2024-08,3
NONE / BATURITÉ,2024-09,1
NONE / BATURITÉ,2024-12,2
NONE / BATURITÉ,2025-01,1
NONE / BATURITÉ,2025-02,4
NONE / BATURITÉ,2025-03,1
NONE / BATURITÉ,2025-04,1
NONE / BATURITÉ,2025-05,3
NONE / BATURITÉ,2025-06,1
NONE / BATURITÉ,2025-07,2
NONE / BATURITÉ,2025-12,1
NONE / BEBERIBE,2022-01,2
NONE / BEBERIBE,2022-03,1
NONE / BEBERIBE,2022-04,1
NONE / BEBERIBE,2022-05,1
NONE / BEBERIBE,2022-07,2
NONE / BEBERIBE,2022-09,3
NONE / BEBERIBE,2022-10,1
NONE / BEBERIBE,2022-11,2
NONE / BEBERIBE,2022-12,3
NONE / BEBERIBE,2023-02,2
NONE / BEBERIBE,2023-05,2
NONE / BEBERIBE,2023-07,5
NONE / BEBERIBE,2023-08,2
NONE / BEBERIBE,2023-09,1
NONE / BEBERIBE,2023-10,2
NONE / BEBERIBE,2023-11,1
NONE / BEBERIBE,2023-12,2
NONE / BEBERIBE,2024-01,1
NONE / BEBERIBE,2024-02,1
NONE / BEBERIBE,2024-03,1
NONE / BEBERIBE,2024-04,1
NONE / BEBERIBE,2024-05,7
NONE / BEBERIBE,2024-06,2
NONE / BEBERIBE,2024-07,3
NONE / BEBERIBE,2024-10,1
NONE / BEBERIBE,2024-12,3
NONE / BEBERIBE,2025-01,4
NONE / BEBERIBE,2025-02,1
NONE / BEBERIBE,2025-03,1
NONE / BEBERIBE,2025-04,1
NONE / BEBERIBE,2025-05,1
NONE / BEBERIBE,2025-06,1
NONE / BEBERIBE,2025-07,2
NONE / BEBERIBE,2025-09,3
NONE / BEBERIBE,2025-10,1
NONE / BEBERIBE,2025-11,1
NONE / BEBERIBE,2026-01,1
NONE / BELA CRUZ,2022-01,2
NONE / BELA CRUZ,2022-02,1
NONE / BELA CRUZ,2022-07,1
NONE / BELA CRUZ,2022-11,1
NONE / BELA CRUZ,2023-06,1
NONE / BELA CRUZ,2023-08,1
NONE / BELA CRUZ,2023-09,1
NONE / BELA CRUZ,2024-01,1
NONE / BELA CRUZ,2024-02,1
NONE / BELA CRUZ,2024-09,1
NONE / BELA CRUZ,2024-10,1
NONE / BELA CRUZ,2024-11,1
NONE / BELA CRUZ,2025-03,1
NONE / BELA CRUZ,2025-05,1
NONE / BELA CRUZ,2025-06,3
NONE / BELA CRUZ,2025-07,1
NONE / BELA CRUZ,2025-09,1
NONE / BOA VIAGEM,2022-01,2
NONE / BOA VIAGEM,2022-02,3
NONE / BOA VIAGEM,2022-03,1
NONE / BOA VIAGEM,2022-04,1
NONE / BOA VIAGEM,2022-05,1
NONE / BOA VIAGEM,2022-07,4
NONE / BOA VIAGEM,2022-08,1
NONE / BOA VIAGEM,2022-09,6
NONE / BOA VIAGEM,2022-10,4
NONE / BOA VIAGEM,2022-11,1
NONE / BOA VIAGEM,2022-12,1
NONE / BOA VIAGEM,2023-01,3
NONE / BOA VIAGEM,2023-02,1
NONE / BOA VIAGEM,2023-05,4
NONE / BOA VIAGEM,2023-06,4
NONE / BOA VIAGEM,2023-07,1
NONE / BOA VIAGEM,2023-08,3
NONE / BOA VIAGEM,2023-09,3
NONE / BOA VIAGEM,2023-10,3
NONE / BOA VIAGEM,2023-11,2
NONE / BOA VIAGEM,2023-12,7
NONE / BOA VIAGEM,2024-01,2
NONE / BOA VIAGEM,2024-02,1
NONE / BOA VIAGEM,2024-03,1
NONE / BOA VIAGEM,2024-04,3
NONE / BOA VIAGEM,2024-05,3
NONE / BOA VIAGEM,2024-06,1
NONE / BOA VIAGEM,2024-07,1
NONE / BOA VIAGEM,2024-08,3
NONE / BOA VIAGEM,2024-09,2
NONE / BOA VIAGEM,2024-10,6
NONE / BOA VIAGEM,2024-11,3
NONE / BOA VIAGEM,2024-12,2
NONE / BOA VIAGEM,2025-01,2
NONE / BOA VIAGEM,2025-02,4
NONE / BOA VIAGEM,2025-04,1
NONE / BOA VIAGEM,2025-05,4
NONE / BOA VIAGEM,2025-07,3
NONE / BOA VIAGEM,2025-08,1
NONE / BOA VIAGEM,2025-09,1
NONE / BOA VIAGEM,2025-10,3
NONE / BOA VIAGEM,2025-11,3
NONE / BOA VIAGEM,2025-12,2
NONE / BOA VIAGEM,2026-01,1
NONE / BREJO SANTO,2022-01,1
NONE / BREJO SANTO,2022-04,3
NONE / BREJO SANTO,2022-06,1
NONE / BREJO SANTO,2022-07,1
NONE / BREJO SANTO,2022-08,2
NONE / BREJO SANTO,2022-12,1
NONE / BREJO SANTO,2023-04,1
NONE / BREJO SANTO,2023-05,1
NONE / BREJO SANTO,2023-06,1
NONE / BREJO SANTO,2023-08,1
NONE / BREJO SANTO,2023-10,1
NONE / BREJO SANTO,2023-11,1
NONE / BREJO SANTO,2024-02,2
NONE / BREJO SANTO,2024-03,2
NONE / BREJO SANTO,2024-04,1
NONE / BREJO SANTO,2024-05,1
NONE / BREJO SANTO,2024-06,1
NONE / BREJO SANTO,2024-08,1
NONE / BREJO SANTO,2025-07,1
NONE / BREJO SANTO,2025-10,1
NONE / BREJO SANTO,2025-12,2
NONE / CAMOCIM,2022-01,1
NONE / CAMOCIM,2022-02,2
NONE / CAMOCIM,2022-03,1
NONE / CAMOCIM,2022-04,2
NONE / CAMOCIM,2022-05,2
NONE / CAMOCIM,2022-07,1
NONE / CAMOCIM,2022-09,1
NONE / CAMOCIM,2022-10,1
NONE / CAMOCIM,2022-11,2
NONE / CAMOCIM,2022-12,1
NONE / CAMOCIM,2023-01,6
NONE / CAMOCIM,2023-02,4
NONE / CAMOCIM,2023-03,3
NONE / CAMOCIM,2023-04,3
NONE / CAMOCIM,2023-05,4
NONE / CAMOCIM,2023-06,2
NONE / CAMOCIM,2023-07,4
NONE / CAMOCIM,2023-08,4
NONE / CAMOCIM,2023-10,3
NONE / CAMOCIM,2023-11,6
NONE / CAMOCIM,2023-12,3
NONE / CAMOCIM,2024-01,1
NONE / CAMOCIM,2024-02,1
NONE / CAMOCIM,2024-03,1
NONE / CAMOCIM,2024-04,3
NONE / CAMOCIM,2024-05,4
NONE / CAMOCIM,2024-06,2
NONE / CAMOCIM,2024-07,2
NONE / CAMOCIM,2024-10,2
NONE / CAMOCIM,2024-12,1
NONE / CAMOCIM,2025-01,1
NONE / CAMOCIM,2025-05,1
NONE / CAMOCIM,2025-06,1
NONE / CAMOCIM,2025-07,1
NONE / CAMOCIM,2025-09,2
NONE / CAMOCIM,2025-10,1
NONE / CAMPOS SALES,2022-01,2
NONE / CAMPOS SALES,2022-06,1
NONE / CAMPOS SALES,2022-12,1
NONE / CAMPOS SALES,2023-02,1
NONE / CAMPOS SALES,2023-05,1
NONE / CAMPOS SALES,2023-07,1
NONE / CAMPOS SALES,2023-11,1
NONE / CAMPOS SALES,2023-12,1
NONE / CAMPOS SALES,2024-02,1
NONE / CAMPOS SALES,2024-03,1
NONE / CAMPOS SALES,2024-05,3
NONE / CAMPOS SALES,2024-06,1
NONE / CAMPOS SALES,2024-07,1
NONE / CAMPOS SALES,2024-12,1
NONE / CAMPOS SALES,2025-03,1
NONE / CAMPOS SALES,2025-04,1
NONE / CAMPOS SALES,2025-07,1
NONE / CAMPOS SALES,2025-08,1
NONE / CAMPOS SALES,2025-10,3
NONE / CAMPOS SALES,2025-12,1
NONE / CANINDÉ,2022-01,1
NONE / CANINDÉ,2022-03,3
NONE / CANINDÉ,2022-05,2
NONE / CANINDÉ,2022-08,2
NONE / CANINDÉ,2022-09,2
NONE / CANINDÉ,2022-10,1
NONE / CANINDÉ,2023-01,2
NONE / CANINDÉ,2023-02,1
NONE / CANINDÉ,2023-03,1
NONE / CANINDÉ,2023-05,2
NONE / CANINDÉ,2023-07,3
NONE / CANINDÉ,2023-09,1
NONE / CANINDÉ,2023-10,4
NONE / CANINDÉ,2023-11,3
NONE / CANINDÉ,2023-12,2
NONE / CANINDÉ,2024-01,2
NONE / CANINDÉ,2024-02,3
NONE / CANINDÉ,2024-03,2
NONE / CANINDÉ,2024-04,2
NONE / CANINDÉ,2024-05,1
NONE / CANINDÉ,2024-06,1
NONE / CANINDÉ,2024-08,3
NONE / CANINDÉ,2024-09,4
NONE / CANINDÉ,2024-10,3
NONE / CANINDÉ,2024-11,2
NONE / CANINDÉ,2024-12,6
NONE / CANINDÉ,2025-01,4
NONE / CANINDÉ,2025-02,5
NONE / CANINDÉ,2025-03,2
NONE / CANINDÉ,2025-04,7
NONE / CANINDÉ,2025-05,4
NONE / CANINDÉ,2025-06,5
NONE / CANINDÉ,2025-07,1
NONE / CANINDÉ,2025-08,1
NONE / CANINDÉ,2025-09,3
NONE / CANINDÉ,2025-10,2
NONE / CANINDÉ,2025-11,4
NONE / CANINDÉ,2025-12,1
NONE / CANINDÉ,2026-01,1
NONE / CAPISTRANO,2022-01,1
NONE / CAPISTRANO,2022-02,1
NONE / CAPISTRANO,2022-03,1
NONE / CAPISTRANO,2022-05,2
NONE / CAPISTRANO,2022-06,1
NONE / CAPISTRANO,2022-07,1
NONE / CAPISTRANO,2022-09,1
NONE / CAPISTRANO,2022-10,1
NONE / CAPISTRANO,2022-12,1
NONE / CAPISTRANO,2023-02,2
NONE / CAPISTRANO,2023-07,3
NONE / CAPISTRANO,2023-09,2
NONE / CAPISTRANO,2024-07,1
NONE / CAPISTRANO,2024-11,2
NONE / CAPISTRANO,2025-02,1
NONE / CAPISTRANO,2025-03,1
NONE / CAPISTRANO,2025-07,3
NONE / CAPISTRANO,2025-08,1
NONE / CAPISTRANO,2025-09,1
NONE / CAPISTRANO,2025-10,1
NONE / CARIDADE,2022-01,2
NONE / CARIDADE,2022-07,1
NONE / CARIDADE,2022-08,1
NONE / CARIDADE,2022-10,1
NONE / CARIDADE,2022-11,1
NONE / CARIDADE,2023-03,1
NONE / CARIDADE,2023-07,1
NONE / CARIDADE,2023-09,1
NONE / CARIDADE,2023-10,2
NONE / CARIDADE,2023-12,1
NONE / CARIDADE,2024-01,1
NONE / CARIDADE,2024-03,1
NONE / CARIDADE,2024-05,1
NONE / CARIDADE,2024-06,1
NONE / CARIDADE,2024-12,2
NONE / CARIDADE,2025-01,3
NONE / CARIDADE,2025-05,1
NONE / CARIDADE,2025-08,1
NONE / CARIDADE,2025-09,1
NONE / CARIRIAÇU,2022-11,1
NONE / CARIRIAÇU,2022-12,1
NONE / CARIRIAÇU,2023-02,1
NONE / CARIRIAÇU,2023-11,2
NONE / CARIRIAÇU,2024-01,2
NONE / CARIRIAÇU,2024-03,2
NONE / CARIRIAÇU,2024-04,1
NONE / CARIRIAÇU,2024-05,3
NONE / CARIRIAÇU,2024-09,1
NONE / CARIRÉ,2022-08,1
NONE / CARIRÉ,2022-10,2
NONE / CARIRÉ,2022-11,1
NONE / CARIRÉ,2023-07,2
NONE / CARIRÉ,2023-08,1
NONE / CARIRÉ,2023-10,1
NONE / CARIRÉ,2023-12,2
NONE / CARIRÉ,2024-02,1
NONE / CARIRÉ,2024-05,1
NONE / CARIRÉ,2024-07,1
NONE / CARIRÉ,2024-08,2
NONE / CARIRÉ,2024-10,2
NONE / CARIRÉ,2024-11,5
NONE / CARIRÉ,2024-12,1
NONE / CARIRÉ,2025-02,1
NONE / CARIRÉ,2025-03,1
NONE / CARIRÉ,2025-04,1
NONE / CARIRÉ,2025-05,1
NONE / CARIRÉ,2025-06,5
NONE / CARIRÉ,2025-07,6
NONE / CARIRÉ,2025-08,4
NONE / CARIRÉ,2025-09,2
NONE / CARIRÉ,2025-10,3
NONE / CARIRÉ,2026-01,1
NONE / CARIÚS,2022-04,1
NONE / CARIÚS,2022-05,1
NONE / CARIÚS,2022-06,1
NONE / CARIÚS,2022-07,1
NONE / CARIÚS,2023-02,1
NONE / CARIÚS,2023-04,1
NONE / CARIÚS,2024-02,1
NONE / CARIÚS,2024-03,1
NONE / CARIÚS,2024-10,1
NONE / CARIÚS,2024-11,1
NONE / CARIÚS,2025-06,1
NONE / CARIÚS,2025-07,1
NONE / CARNAUBAL,2022-07,1
NONE / CARNAUBAL,2022-08,1
NONE / CARNAUBAL,2022-09,1
NONE / CARNAUBAL,2023-07,2
NONE / CARNAUBAL,2023-10,1
NONE / CARNAUBAL,2024-03,1
NONE / CARNAUBAL,2024-04,1
NONE / CARNAUBAL,2024-05,1
NONE / CARNAUBAL,2024-07,1
NONE / CARNAUBAL,2024-09,1
NONE / CARNAUBAL,2024-11,1
NONE / CARNAUBAL,2025-08,1
NONE / CASCAVEL,2022-01,2
NONE / CASCAVEL,2022-02,11
NONE / CASCAVEL,2022-03,4
NONE / CASCAVEL,2022-04,4
NONE / CASCAVEL,2022-05,5
NONE / CASCAVEL,2022-06,5
NONE / CASCAVEL,2022-07,3
NONE / CASCAVEL,2022-08,7
NONE / CASCAVEL,2022-09,6
NONE / CASCAVEL,2022-10,3
NONE / CASCAVEL,2022-11,4
NONE / CASCAVEL,2022-12,5
NONE / CASCAVEL,2023-01,3
NONE / CASCAVEL,2023-02,1
NONE / CASCAVEL,2023-03,5
NONE / CASCAVEL,2023-04,4
NONE / CASCAVEL,2023-05,3
NONE / CASCAVEL,2023-06,4
NONE / CASCAVEL,2023-07,2
NONE / CASCAVEL,2023-08,6
NONE / CASCAVEL,2023-09,2
NONE / CASCAVEL,2023-10,5
NONE / CASCAVEL,2023-11,6
NONE / CASCAVEL,2023-12,5
NONE / CASCAVEL,2024-01,1
NONE / CASCAVEL,2024-02,3
NONE / CASCAVEL,2024-03,6
NONE / CASCAVEL,2024-04,6
NONE / CASCAVEL,2024-05,5
NONE / CASCAVEL,2024-06,3
NONE / CASCAVEL,2024-07,4
NONE / CASCAVEL,2024-08,2
NONE / CASCAVEL,2024-09,3
NONE / CASCAVEL,2024-10,2
NONE / CASCAVEL,2024-11,2
NONE / CASCAVEL,2024-12,2
NONE / CASCAVEL,2025-01,2
NONE / CASCAVEL,2025-02,1
NONE / CASCAVEL,2025-03,2
NONE / CASCAVEL,2025-04,5
NONE / CASCAVEL,2025-05,3
NONE / CASCAVEL,2025-06,3
NONE / CASCAVEL,2025-07,1
NONE / CASCAVEL,2025-08,4
NONE / CASCAVEL,2025-09,1
NONE / CASCAVEL,2025-10,6
NONE / CASCAVEL,2025-12,6
NONE / CASCAVEL,2026-01,2
NONE / CATARINA,2022-06,1
NONE / CATARINA,2022-08,1
NONE / CATARINA,2022-09,1
NONE / CATARINA,2023-11,1
NONE / CATARINA,2024-02,1
NONE / CATARINA,2024-12,1
NONE / CATARINA,2025-02,1
NONE / CATARINA,2025-08,1
NONE / CATUNDA,2022-02,1
NONE / CATUNDA,2022-04,1
NONE / CATUNDA,2023-11,1
NONE / CATUNDA,2024-05,1
NONE / CATUNDA,2024-06,1
NONE / CATUNDA,2025-12,1
NONE / CAUCAIA,2022-01,16
NONE / CAUCAIA,2022-02,12
NONE / CAUCAIA,2022-03,18
NONE / CAUCAIA,2022-04,14
NONE / CAUCAIA,2022-05,19
NONE / CAUCAIA,2022-06,5
NONE / CAUCAIA,2022-07,21
NONE / CAUCAIA,2022-08,15
NONE / CAUCAIA,2022-09,13
NONE / CAUCAIA,2022-10,14
NONE / CAUCAIA,2022-11,13
NONE / CAUCAIA,2022-12,22
NONE / CAUCAIA,2023-01,14
NONE / CAUCAIA,2023-02,15
NONE / CAUCAIA,2023-03,17
NONE / CAUCAIA,2023-04,13
NONE / CAUCAIA,2023-05,24
NONE / CAUCAIA,2023-06,18
NONE / CAUCAIA,2023-07,23
NONE / CAUCAIA,2023-08,18
NONE / CAUCAIA,2023-09,25
NONE / CAUCAIA,2023-10,15
NONE / CAUCAIA,2023-11,27
NONE / CAUCAIA,2023-12,24
NONE / CAUCAIA,2024-01,23
NONE / CAUCAIA,2024-02,26
NONE / CAUCAIA,2024-03,29
NONE / CAUCAIA,2024-04,26
NONE / CAUCAIA,2024-05,29
NONE / CAUCAIA,2024-06,15
NONE / CAUCAIA,2024-07,20
NONE / CAUCAIA,2024-08,22
NONE / CAUCAIA,2024-09,14
NONE / CAUCAIA,2024-10,9
NONE / CAUCAIA,2024-11,27
NONE / CAUCAIA,2024-12,9
NONE / CAUCAIA,2025-01,16
NONE / CAUCAIA,2025-02,15
NONE / CAUCAIA,2025-03,15
NONE / CAUCAIA,2025-04,23
NONE / CAUCAIA,2025-05,26
NONE / CAUCAIA,2025-06,23
NONE / CAUCAIA,2025-07,16
NONE / CAUCAIA,2025-08,23
NONE / CAUCAIA,2025-09,19
NONE / CAUCAIA,2025-10,31
NONE / CAUCAIA,2025-11,19
NONE / CAUCAIA,2025-12,20
NONE / CAUCAIA,2026-01,8
NONE / CEDRO,2022-02,2
NONE / CEDRO,2022-04,2
NONE / CEDRO,2022-06,1
NONE / CEDRO,2022-07,1
NONE / CEDRO,2022-08,3
NONE / CEDRO,2022-10,1
NONE / CEDRO,2022-11,1
NONE / CEDRO,2023-01,2
NONE / CEDRO,2023-02,1
NONE / CEDRO,2023-03,1
NONE / CEDRO,2023-05,1
NONE / CEDRO,2023-07,1
NONE / CEDRO,2023-10,1
NONE / CEDRO,2023-11,1
NONE / CEDRO,2023-12,1
NONE / CEDRO,2024-04,3
NONE / CEDRO,2024-05,2
NONE / CEDRO,2024-07,3
NONE / CEDRO,2024-08,3
NONE / CEDRO,2024-10,2
NONE / CEDRO,2024-11,1
NONE / CEDRO,2025-03,1
NONE / CHAVAL,2022-04,1
NONE / CHAVAL,2022-08,4
NONE / CHAVAL,2022-10,1
NONE / CHAVAL,2022-11,1
NONE / CHAVAL,2022-12,3
NONE / CHAVAL,2023-01,2
NONE / CHAVAL,2023-02,1
NONE / CHAVAL,2023-04,1
NONE / CHAVAL,2024-06,2
NONE / CHAVAL,2024-09,1
NONE / CHAVAL,2024-11,1
NONE / CHAVAL,2025-06,1
NONE / CHAVAL,2025-09,1
NONE / CHAVAL,2025-12,1
NONE / CHOROZINHO,2022-01,4
NONE / CHOROZINHO,2022-03,2
NONE / CHOROZINHO,2022-04,1
NONE / CHOROZINHO,2022-05,3
NONE / CHOROZINHO,2022-06,1
NONE / CHOROZINHO,2022-07,3
NONE / CHOROZINHO,2022-08,1
NONE / CHOROZINHO,2022-10,1
NONE / CHOROZINHO,2023-06,1
NONE / CHOROZINHO,2023-07,2
NONE / CHOROZINHO,2023-09,1
NONE / CHOROZINHO,2023-11,1
NONE / CHOROZINHO,2024-01,1
NONE / CHOROZINHO,2024-02,1
NONE / CHOROZINHO,2024-03,1
NONE / CHOROZINHO,2024-05,1
NONE / CHOROZINHO,2024-06,1
NONE / CHOROZINHO,2024-09,1
NONE / CHOROZINHO,2024-12,1
NONE / CHOROZINHO,2025-03,2
NONE / CHOROZINHO,2025-10,1
NONE / CHOROZINHO,2025-12,1
NONE / CHOROZINHO,2026-01,1
NONE / CHORÓ,2022-04,1
NONE / CHORÓ,2022-05,2
NONE / CHORÓ,2022-06,2
NONE / CHORÓ,2022-09,3
NONE / CHORÓ,2022-12,2
NONE / CHORÓ,2023-11,2
NONE / CHORÓ,2023-12,3
NONE / CHORÓ,2024-06,1
NONE / CHORÓ,2024-09,1
NONE / CHORÓ,2025-02,2
NONE / CHORÓ,2025-09,3
NONE / CHORÓ,2025-10,1
NONE / CHORÓ,2025-11,1
NONE / CHORÓ,2025-12,2
NONE / COREAÚ,2022-01,1
NONE / COREAÚ,2022-02,2
NONE / COREAÚ,2022-05,1
NONE / COREAÚ,2022-06,1
NONE / COREAÚ,2022-08,1
NONE / COREAÚ,2022-09,1
NONE / COREAÚ,2022-10,1
NONE / COREAÚ,2022-11,3
NONE / COREAÚ,2023-03,1
NONE / COREAÚ,2023-05,1
NONE / COREAÚ,2023-06,1
NONE / COREAÚ,2023-07,1
NONE / COREAÚ,2023-09,1
NONE / COREAÚ,2023-11,1
NONE / COREAÚ,2023-12,1
NONE / COREAÚ,2024-03,1
NONE / COREAÚ,2025-02,1
NONE / COREAÚ,2025-04,1
NONE / COREAÚ,2025-07,1
NONE / COREAÚ,2025-10,1
NONE / COREAÚ,2026-01,2
NONE / CRATEÚS,2022-02,1
NONE / CRATEÚS,2022-03,2
NONE / CRATEÚS,2022-04,1
NONE / CRATEÚS,2022-05,4
NONE / CRATEÚS,2022-06,1
NONE / CRATEÚS,2022-07,1
NONE / CRATEÚS,2022-10,2
NONE / CRATEÚS,2022-11,4
NONE / CRATEÚS,2023-01,3
NONE / CRATEÚS,2023-03,3
NONE / CRATEÚS,2023-04,1
NONE / CRATEÚS,2023-05,1
NONE / CRATEÚS,2023-06,3
NONE / CRATEÚS,2023-07,4
NONE / CRATEÚS,2023-08,2
NONE / CRATEÚS,2023-10,3
NONE / CRATEÚS,2023-11,1
NONE / CRATEÚS,2024-01,2
NONE / CRATEÚS,2024-02,2
NONE / CRATEÚS,2024-05,4
NONE / CRATEÚS,2024-07,1
NONE / CRATEÚS,2024-08,2
NONE / CRATEÚS,2024-09,1
NONE / CRATEÚS,2024-11,3
NONE / CRATEÚS,2024-12,4
NONE / CRATEÚS,2025-01,2
NONE / CRATEÚS,2025-02,1
NONE / CRATEÚS,2025-03,1
NONE / CRATEÚS,2025-04,1
NONE / CRATEÚS,2025-06,2
NONE / CRATEÚS,2025-07,3
NONE / CRATEÚS,2025-09,1
NONE / CRATEÚS,2025-11,1
NONE / CRATEÚS,2025-12,2
NONE / CRATEÚS,2026-01,1
NONE / CRATO,2022-01,1
NONE / CRATO,2022-02,6
NONE / CRATO,2022-04,3
NONE / CRATO,2022-05,3
NONE / CRATO,2022-06,4
NONE / CRATO,2022-07,4
NONE / CRATO,2022-08,1
NONE / CRATO,2022-09,5
NONE / CRATO,2022-10,2
NONE / CRATO,2022-11,4
NONE / CRATO,2022-12,3
NONE / CRATO,2023-01,9
NONE / CRATO,2023-02,4
NONE / CRATO,2023-03,4
NONE / CRATO,2023-04,1
NONE / CRATO,2023-05,2
NONE / CRATO,2023-06,3
NONE / CRATO,2023-07,1
NONE / CRATO,2023-08,5
NONE / CRATO,2023-09,1
NONE / CRATO,2023-10,4
NONE / CRATO,2023-11,3
NONE / CRATO,2024-01,2
NONE / CRATO,2024-02,1
NONE / CRATO,2024-03,2
NONE / CRATO,2024-04,5
NONE / CRATO,2024-05,4
NONE / CRATO,2024-06,8
NONE / CRATO,2024-07,1
NONE / CRATO,2024-08,4
NONE / CRATO,2024-09,5
NONE / CRATO,2024-10,5
NONE / CRATO,2024-11,3
NONE / CRATO,2024-12,8
NONE / CRATO,2025-01,7
NONE / CRATO,2025-02,3
NONE / CRATO,2025-03,5
NONE / CRATO,2025-05,3
NONE / CRATO,2025-06,4
NONE / CRATO,2025-08,1
NONE / CRATO,2025-09,1
NONE / CRATO,2025-10,5
NONE / CRATO,2025-11,6
NONE / CRATO,2025-12,6
NONE / CRATO,2026-01,2
NONE / CROATÁ,2022-01,2
NONE / CROATÁ,2022-02,1
NONE / CROATÁ,2022-05,1
NONE / CROATÁ,2022-06,1
NONE / CROATÁ,2022-10,1
NONE / CROATÁ,2023-06,1
NONE / CROATÁ,2024-09,1
NONE / CROATÁ,2025-09,1
NONE / CRUZ,2022-01,1
NONE / CRUZ,2022-02,1
NONE / CRUZ,2022-04,1
NONE / CRUZ,2022-06,2
NONE / CRUZ,2022-07,1
NONE / CRUZ,2022-09,1
NONE / CRUZ,2022-10,2
NONE / CRUZ,2023-04,1
NONE / CRUZ,2023-05,2
NONE / CRUZ,2023-06,1
NONE / CRUZ,2023-10,1
NONE / CRUZ,2023-11,2
NONE / CRUZ,2024-01,2
NONE / CRUZ,2024-03,2
NONE / CRUZ,2024-04,1
NONE / CRUZ,2024-06,1
NONE / CRUZ,2024-07,4
NONE / CRUZ,2024-09,1
NONE / CRUZ,2024-10,1
NONE / CRUZ,2024-11,1
NONE / CRUZ,2024-12,1
NONE / CRUZ,2025-12,1
NONE / DEPUTADO IRAPUAN PINHEIRO,2022-07,1
NONE / DEPUTADO IRAPUAN PINHEIRO,2023-09,1
NONE / DEPUTADO IRAPUAN PINHEIRO,2023-11,1
NONE / DEPUTADO IRAPUAN PINHEIRO,2024-08,1
NONE / DEPUTADO IRAPUAN PINHEIRO,2026-01,1
NONE / ERERÉ,2023-07,1
NONE / EUSÉBIO,2022-02,2
NONE / EUSÉBIO,2022-03,1
NONE / EUSÉBIO,2022-04,2
NONE / EUSÉBIO,2022-05,2
NONE / EUSÉBIO,2022-06,2
NONE / EUSÉBIO,2022-07,3
NONE / EUSÉBIO,2022-10,2
NONE / EUSÉBIO,2022-11,2
NONE / EUSÉBIO,2022-12,1
NONE / EUSÉBIO,2023-01,4
NONE / EUSÉBIO,2023-02,3
NONE / EUSÉBIO,2023-05,1
NONE / EUSÉBIO,2023-08,2
NONE / EUSÉBIO,2023-09,1
NONE / EUSÉBIO,2023-10,2
NONE / EUSÉBIO,2023-12,1
NONE / EUSÉBIO,2024-01,1
NONE / EUSÉBIO,2024-02,1
NONE / EUSÉBIO,2024-05,4
NONE / EUSÉBIO,2024-06,2
NONE / EUSÉBIO,2024-07,2
NONE / EUSÉBIO,2024-08,1
NONE / EUSÉBIO,2024-09,2
NONE / EUSÉBIO,2024-10,3
NONE / EUSÉBIO,2024-11,2
NONE / EUSÉBIO,2024-12,2
NONE / EUSÉBIO,2025-01,3
NONE / EUSÉBIO,2025-02,2
NONE / EUSÉBIO,2025-03,2
NONE / EUSÉBIO,2025-04,1
NONE / EUSÉBIO,2025-05,2
NONE / EUSÉBIO,2025-06,1
NONE / EUSÉBIO,2025-07,1
NONE / EUSÉBIO,2025-08,1
NONE / EUSÉBIO,2025-09,2
NONE / EUSÉBIO,2025-10,1
NONE / EUSÉBIO,2025-11,3
NONE / EUSÉBIO,2025-12,1
NONE / EUSÉBIO,2026-01,1
NONE / FARIAS BRITO,2022-06,1
NONE / FARIAS BRITO,2022-09,1
NONE / FARIAS BRITO,2022-10,1
NONE / FARIAS BRITO,2023-02,1
NONE / FARIAS BRITO,2023-04,1
NONE / FARIAS BRITO,2023-07,1
NONE / FARIAS BRITO,2023-12,1
NONE / FARIAS BRITO,2024-02,1
NONE / FARIAS BRITO,2025-01,1
NONE / FARIAS BRITO,2025-04,1
NONE / FARIAS BRITO,2025-07,1
NONE / FARIAS BRITO,2025-09,2
NONE / FORQUILHA,2022-01,1
NONE / FORQUILHA,2022-02,4
NONE / FORQUILHA,2022-03,3
NONE / FORQUILHA,2022-04,3
NONE / FORQUILHA,2022-05,2
NONE / FORQUILHA,2022-07,3
NONE / FORQUILHA,2022-08,1
NONE / FORQUILHA,2022-10,4
NONE / FORQUILHA,2022-11,1
NONE / FORQUILHA,2022-12,2
NONE / FORQUILHA,2023-01,1
NONE / FORQUILHA,2023-03,1
NONE / FORQUILHA,2023-04,1
NONE / FORQUILHA,2023-05,3
NONE / FORQUILHA,2023-06,2
NONE / FORQUILHA,2023-07,5
NONE / FORQUILHA,2023-08,4
NONE / FORQUILHA,2023-09,2
NONE / FORQUILHA,2023-10,2
NONE / FORQUILHA,2023-11,3
NONE / FORQUILHA,2023-12,6
NONE / FORQUILHA,2024-01,3
NONE / FORQUILHA,2024-02,2
NONE / FORQUILHA,2024-03,1
NONE / FORQUILHA,2024-04,4
NONE / FORQUILHA,2024-05,2
NONE / FORQUILHA,2024-06,1
NONE / FORQUILHA,2024-07,3
NONE / FORQUILHA,2024-08,3
NONE / FORQUILHA,2024-09,2
NONE / FORQUILHA,2024-10,2
NONE / FORQUILHA,2024-11,1
NONE / FORQUILHA,2024-12,1
NONE / FORQUILHA,2025-01,1
NONE / FORQUILHA,2025-02,1
NONE / FORQUILHA,2025-05,3
NONE / FORQUILHA,2025-06,1
NONE / FORQUILHA,2025-07,1
NONE / FORQUILHA,2025-08,2
NONE / FORQUILHA,2025-09,1
NONE / FORQUILHA,2025-10,1
NONE / FORQUILHA,2025-11,1
NONE / FORQUILHA,2025-12,1
NONE / FORTALEZA,2022-01,66
NONE / FORTALEZA,2022-02,85
NONE / FORTALEZA,2022-03,74
NONE / FORTALEZA,2022-04,67
NONE / FORTALEZA,2022-05,90
NONE / FORTALEZA,2022-06,69
NONE / FORTALEZA,2022-07,68
NONE / FORTALEZA,2022-08,61
NONE / FORTALEZA,2022-09,73
NONE / FORTALEZA,2022-10,66
NONE / FORTALEZA,2022-11,63
NONE / FORTALEZA,2022-12,68
NONE / FORTALEZA,2023-01,52
NONE / FORTALEZA,2023-02,62
NONE / FORTALEZA,2023-03,56
NONE / FORTALEZA,2023-04,50
NONE / FORTALEZA,2023-05,62
NONE / FORTALEZA,2023-06,45
NONE / FORTALEZA,2023-07,59
NONE / FORTALEZA,2023-08,65
NONE / FORTALEZA,2023-09,62
NONE / FORTALEZA,2023-10,82
NONE / FORTALEZA,2023-11,79
NONE / FORTALEZA,2023-12,64
NONE / FORTALEZA,2024-01,79
NONE / FORTALEZA,2024-02,69
NONE / FORTALEZA,2024-03,75
NONE / FORTALEZA,2024-04,81
NONE / FORTALEZA,2024-05,73
NONE / FORTALEZA,2024-06,61
NONE / FORTALEZA,2024-07,58
NONE / FORTALEZA,2024-08,72
NONE / FORTALEZA,2024-09,61
NONE / FORTALEZA,2024-10,70
NONE / FORTALEZA,2024-11,57
NONE / FORTALEZA,2024-12,78
NONE / FORTALEZA,2025-01,66
NONE / FORTALEZA,2025-02,65
NONE / FORTALEZA,2025-03,77
NONE / FORTALEZA,2025-04,58
NONE / FORTALEZA,2025-05,72
NONE / FORTALEZA,2025-06,54
NONE / FORTALEZA,2025-07,53
NONE / FORTALEZA,2025-08,81
NONE / FORTALEZA,2025-09,65
NONE / FORTALEZA,2025-10,57
NONE / FORTALEZA,2025-11,50
NONE / FORTALEZA,2025-12,50
NONE / FORTALEZA,2026-01,13
NONE / FORTIM,2022-06,1
NONE / FORTIM,2022-08,1
NONE / FORTIM,2022-09,1
NONE / FORTIM,2023-05,1
NONE / FORTIM,2023-09,1
NONE / FORTIM,2024-02,1
NONE / FORTIM,2024-03,2
NONE / FORTIM,2024-06,2
NONE / FORTIM,2025-01,1
NONE / FORTIM,2025-04,2
NONE / FRECHEIRINHA,2022-01,1
NONE / FRECHEIRINHA,2022-02,1
NONE / FRECHEIRINHA,2022-03,1
NONE / FRECHEIRINHA,2022-05,1
NONE / FRECHEIRINHA,2022-06,2
NONE / FRECHEIRINHA,2022-07,2
NONE / FRECHEIRINHA,2022-10,1
NONE / FRECHEIRINHA,2022-11,1
NONE / FRECHEIRINHA,2023-01,1
NONE / FRECHEIRINHA,2023-02,1
NONE / FRECHEIRINHA,2023-05,2
NONE / FRECHEIRINHA,2023-08,1
NONE / FRECHEIRINHA,2024-03,1
NONE / FRECHEIRINHA,2024-04,1
NONE / FRECHEIRINHA,2024-09,2
NONE / FRECHEIRINHA,2025-03,2
NONE / FRECHEIRINHA,2025-06,1
NONE / FRECHEIRINHA,2025-12,1
NONE / FRECHEIRINHA,2026-01,1
NONE / GENERAL SAMPAIO,2022-01,2
NONE / GENERAL SAMPAIO,2022-05,1
NONE / GENERAL SAMPAIO,2022-11,1
NONE / GENERAL SAMPAIO,2023-02,1
NONE / GENERAL SAMPAIO,2023-04,2
NONE / GENERAL SAMPAIO,2024-01,1
NONE / GENERAL SAMPAIO,2024-04,2
NONE / GENERAL SAMPAIO,2024-07,2
NONE / GENERAL SAMPAIO,2024-08,1
NONE / GENERAL SAMPAIO,2024-12,1
NONE / GENERAL SAMPAIO,2025-01,1
NONE / GENERAL SAMPAIO,2025-07,1
NONE / GRANJA,2022-01,1
NONE / GRANJA,2022-04,1
NONE / GRANJA,2022-10,2
NONE / GRANJA,2022-11,1
NONE / GRANJA,2022-12,1
NONE / GRANJA,2023-01,1
NONE / GRANJA,2023-02,1
NONE / GRANJA,2023-04,1
NONE / GRANJA,2023-06,3
NONE / GRANJA,2023-08,2
NONE / GRANJA,2023-10,3
NONE / GRANJA,2023-11,2
NONE / GRANJA,2023-12,1
NONE / GRANJA,2024-05,2
NONE / GRANJA,2024-09,1
NONE / GRANJA,2024-11,1
NONE / GRANJA,2024-12,1
NONE / GRANJA,2025-03,1
NONE / GRANJA,2025-07,1
NONE / GRANJA,2025-08,1
NONE / GRANJA,2025-09,2
NONE / GRAÇA,2022-07,1
NONE / GRAÇA,2023-03,1
NONE / GRAÇA,2023-05,1
NONE / GRAÇA,2023-07,1
NONE / GRAÇA,2024-05,1
NONE / GRAÇA,2024-07,2
NONE / GRAÇA,2024-09,1
NONE / GRAÇA,2024-10,1
NONE / GRAÇA,2024-12,1
NONE / GRAÇA,2025-01,2
NONE / GRAÇA,2025-04,1
NONE / GRAÇA,2025-05,1
NONE / GRAÇA,2025-07,3
NONE / GRAÇA,2025-08,2
NONE / GRAÇA,2025-10,1
NONE / GRAÇA,2025-11,1
NONE / GRAÇA,2025-12,1
NONE / GRAÇA,2026-01,1
NONE / GROAÍRAS,2022-01,2
NONE / GROAÍRAS,2022-09,1
NONE / GROAÍRAS,2022-11,2
NONE / GROAÍRAS,2022-12,2
NONE / GROAÍRAS,2023-09,2
NONE / GROAÍRAS,2023-11,1
NONE / GROAÍRAS,2023-12,2
NONE / GROAÍRAS,2024-02,1
NONE / GROAÍRAS,2024-03,1
NONE / GROAÍRAS,2024-04,1
NONE / GROAÍRAS,2024-05,1
NONE / GROAÍRAS,2024-06,1
NONE / GROAÍRAS,2024-07,3
NONE / GROAÍRAS,2024-08,2
NONE / GROAÍRAS,2024-09,3
NONE / GROAÍRAS,2024-11,3
NONE / GROAÍRAS,2025-01,2
NONE / GROAÍRAS,2025-04,2
NONE / GROAÍRAS,2025-05,1
NONE / GROAÍRAS,2025-06,2
NONE / GROAÍRAS,2025-07,3
NONE / GROAÍRAS,2025-08,2
NONE / GROAÍRAS,2025-09,3
NONE / GROAÍRAS,2025-10,3
NONE / GROAÍRAS,2025-11,1
NONE / GROAÍRAS,2026-01,1
NONE / GUAIÚBA,2022-02,1
NONE / GUAIÚBA,2022-03,2
NONE / GUAIÚBA,2022-04,1
NONE / GUAIÚBA,2022-07,2
NONE / GUAIÚBA,2022-08,2
NONE / GUAIÚBA,2022-10,1
NONE / GUAIÚBA,2022-11,2
NONE / GUAIÚBA,2022-12,3
NONE / GUAIÚBA,2023-01,7
NONE / GUAIÚBA,2023-02,1
NONE / GUAIÚBA,2023-03,6
NONE / GUAIÚBA,2023-05,1
NONE / GUAIÚBA,2023-07,2
NONE / GUAIÚBA,2023-08,4
NONE / GUAIÚBA,2023-10,3
NONE / GUAIÚBA,2023-11,1
NONE / GUAIÚBA,2023-12,3
NONE / GUAIÚBA,2024-01,2
NONE / GUAIÚBA,2024-02,4
NONE / GUAIÚBA,2024-04,7
NONE / GUAIÚBA,2024-06,1
NONE / GUAIÚBA,2024-07,1
NONE / GUAIÚBA,2024-08,1
NONE / GUAIÚBA,2024-09,3
NONE / GUAIÚBA,2024-11,2
NONE / GUAIÚBA,2024-12,1
NONE / GUAIÚBA,2025-01,1
NONE / GUAIÚBA,2025-02,2
NONE / GUAIÚBA,2025-03,1
NONE / GUAIÚBA,2025-06,1
NONE / GUAIÚBA,2025-08,1
NONE / GUAIÚBA,2025-09,2
NONE / GUAIÚBA,2025-11,2
NONE / GUARACIABA DO NORTE,2022-03,1
NONE / GUARACIABA DO NORTE,2022-07,1
NONE / GUARACIABA DO NORTE,2022-08,1
NONE / GUARACIABA DO NORTE,2022-11,1
NONE / GUARACIABA DO NORTE,2023-05,1
NONE / GUARACIABA DO NORTE,2024-09,1
NONE / GUARACIABA DO NORTE,2024-11,1
NONE / GUARACIABA DO NORTE,2025-01,1
NONE / GUARACIABA DO NORTE,2025-02,1
NONE / GUARACIABA DO NORTE,2025-06,1
NONE / GUARACIABA DO NORTE,2026-01,1
NONE / GUARAMIRANGA,2023-03,1
NONE / GUARAMIRANGA,2023-05,1
NONE / GUARAMIRANGA,2024-04,1
NONE / HIDROLÂNDIA,2022-05,1
NONE / HIDROLÂNDIA,2024-07,1
NONE / HORIZONTE,2022-01,4
NONE / HORIZONTE,2022-02,4
NONE / HORIZONTE,2022-03,6
NONE / HORIZONTE,2022-04,3
NONE / HORIZONTE,2022-05,3
NONE / HORIZONTE,2022-07,5
NONE / HORIZONTE,2022-08,5
NONE / HORIZONTE,2022-09,4
NONE / HORIZONTE,2022-10,4
NONE / HORIZONTE,2022-11,4
NONE / HORIZONTE,2022-12,6
NONE / HORIZONTE,2023-01,3
NONE / HORIZONTE,2023-02,6
NONE / HORIZONTE,2023-03,5
NONE / HORIZONTE,2023-04,2
NONE / HORIZONTE,2023-05,1
NONE / HORIZONTE,2023-06,3
NONE / HORIZONTE,2023-07,4
NONE / HORIZONTE,2023-08,1
NONE / HORIZONTE,2023-09,1
NONE / HORIZONTE,2023-10,5
NONE / HORIZONTE,2023-11,5
NONE / HORIZONTE,2023-12,9
NONE / HORIZONTE,2024-01,1
NONE / HORIZONTE,2024-03,4
NONE / HORIZONTE,2024-04,5
NONE / HORIZONTE,2024-05,5
NONE / HORIZONTE,2024-06,1
NONE / HORIZONTE,2024-07,1
NONE / HORIZONTE,2024-08,1
NONE / HORIZONTE,2024-09,1
NONE / HORIZONTE,2024-12,2
NONE / HORIZONTE,2025-01,2
NONE / HORIZONTE,2025-02,2
NONE / HORIZONTE,2025-03,5
NONE / HORIZONTE,2025-04,3
NONE / HORIZONTE,2025-05,4
NONE / HORIZONTE,2025-06,2
NONE / HORIZONTE,2025-07,2
NONE / HORIZONTE,2025-08,2
NONE / HORIZONTE,2025-09,1
NONE / HORIZONTE,2025-10,5
NONE / HORIZONTE,2025-11,4
NONE / HORIZONTE,2025-12,1
NONE / IBARETAMA,2022-08,1
NONE / IBARETAMA,2022-11,1
NONE / IBARETAMA,2022-12,1
NONE / IBARETAMA,2023-01,1
NONE / IBARETAMA,2023-05,1
NONE / IBARETAMA,2023-07,3
NONE / IBARETAMA,2024-01,2
NONE / IBARETAMA,2024-02,2
NONE / IBARETAMA,2024-05,2
NONE / IBARETAMA,2024-08,1
NONE / IBARETAMA,2024-09,1
NONE / IBARETAMA,2024-10,1
NONE / IBARETAMA,2025-02,1
NONE / IBARETAMA,2025-07,1
NONE / IBARETAMA,2025-08,1
NONE / IBARETAMA,2025-10,1
NONE / IBARETAMA,2025-11,1
NONE / IBARETAMA,2025-12,2
NONE / IBIAPINA,2022-01,1
NONE / IBIAPINA,2022-04,1
NONE / IBIAPINA,2022-10,1
NONE / IBIAPINA,2022-11,1
NONE / IBIAPINA,2023-04,1
NONE / IBIAPINA,2023-10,1
NONE / IBIAPINA,2024-02,1
NONE / IBIAPINA,2024-06,1
NONE / IBIAPINA,2024-07,1
NONE / IBIAPINA,2024-09,1
NONE / IBIAPINA,2025-03,2
NONE / IBIAPINA,2025-09,1
NONE / IBIAPINA,2025-12,1
NONE / IBIAPINA,2026-01,1
NONE / IBICUITINGA,2022-01,1
NONE / IBICUITINGA,2022-02,2
NONE / IBICUITINGA,2022-03,1
NONE / IBICUITINGA,2022-04,2
NONE / IBICUITINGA,2022-08,1
NONE / IBICUITINGA,2022-12,1
NONE / IBICUITINGA,2023-02,4
NONE / IBICUITINGA,2023-03,3
NONE / IBICUITINGA,2023-04,2
NONE / IBICUITINGA,2023-05,2
NONE / IBICUITINGA,2023-07,1
NONE / IBICUITINGA,2023-08,2
NONE / IBICUITINGA,2023-12,2
NONE / IBICUITINGA,2024-01,1
NONE / IBICUITINGA,2024-04,1
NONE / IBICUITINGA,2024-05,2
NONE / IBICUITINGA,2024-07,1
NONE / IBICUITINGA,2024-08,1
NONE / IBICUITINGA,2024-11,2
NONE / IBICUITINGA,2025-02,1
NONE / IBICUITINGA,2025-03,1
NONE / IBICUITINGA,2025-04,1
NONE / IBICUITINGA,2025-07,1
NONE / IBICUITINGA,2025-10,3
NONE / IBICUITINGA,2025-11,1
NONE / ICAPUÍ,2022-01,1
NONE / ICAPUÍ,2022-03,1
NONE / ICAPUÍ,2022-05,1
NONE / ICAPUÍ,2022-07,1
NONE / ICAPUÍ,2022-08,1
NONE / ICAPUÍ,2022-10,2
NONE / ICAPUÍ,2022-11,1
NONE / ICAPUÍ,2023-01,1
NONE / ICAPUÍ,2023-02,1
NONE / ICAPUÍ,2023-05,1
NONE / ICAPUÍ,2023-06,3
NONE / ICAPUÍ,2024-09,1
NONE / ICAPUÍ,2024-11,3
NONE / ICAPUÍ,2024-12,1
NONE / ICAPUÍ,2025-02,1
NONE / ICAPUÍ,2025-03,3
NONE / ICAPUÍ,2025-05,2
NONE / ICAPUÍ,2025-06,1
NONE / ICAPUÍ,2025-08,1
NONE / ICAPUÍ,2025-09,1
NONE / ICAPUÍ,2025-12,2
NONE / ICÓ,2022-02,2
NONE / ICÓ,2022-03,1
NONE / ICÓ,2022-07,1
NONE / ICÓ,2022-08,1
NONE / ICÓ,2022-10,1
NONE / ICÓ,2022-11,1
NONE / ICÓ,2022-12,1
NONE / ICÓ,2023-03,2
NONE / ICÓ,2023-05,2
NONE / ICÓ,2023-06,2
NONE / ICÓ,2023-08,1
NONE / ICÓ,2023-11,3
NONE / ICÓ,2024-03,1
NONE / ICÓ,2024-04,3
NONE / ICÓ,2024-05,3
NONE / ICÓ,2024-07,2
NONE / ICÓ,2024-09,2
NONE / ICÓ,2024-10,1
NONE / ICÓ,2024-11,3
NONE / ICÓ,2024-12,1
NONE / ICÓ,2025-02,1
NONE / ICÓ,2025-10,1
NONE / ICÓ,2025-12,1
NONE / IGUATU,2022-01,2
NONE / IGUATU,2022-02,3
NONE / IGUATU,2022-03,2
NONE / IGUATU,2022-05,6
NONE / IGUATU,2022-06,2
NONE / IGUATU,2022-07,4
NONE / IGUATU,2022-08,3
NONE / IGUATU,2022-09,2
NONE / IGUATU,2022-10,3
NONE / IGUATU,2022-11,1
NONE / IGUATU,2022-12,3
NONE / IGUATU,2023-01,2
NONE / IGUATU,2023-04,1
NONE / IGUATU,2023-06,1
NONE / IGUATU,2023-07,1
NONE / IGUATU,2023-08,3
NONE / IGUATU,2023-09,3
NONE / IGUATU,2023-10,1
NONE / IGUATU,2023-11,4
NONE / IGUATU,2023-12,3
NONE / IGUATU,2024-01,3
NONE / IGUATU,2024-02,1
NONE / IGUATU,2024-03,4
NONE / IGUATU,2024-04,2
NONE / IGUATU,2024-05,1
NONE / IGUATU,2024-06,2
NONE / IGUATU,2024-07,1
NONE / IGUATU,2024-08,3
NONE / IGUATU,2024-09,1
NONE / IGUATU,2024-10,3
NONE / IGUATU,2024-11,4
NONE / IGUATU,2024-12,3
NONE / IGUATU,2025-01,1
NONE / IGUATU,2025-02,1
NONE / IGUATU,2025-04,2
NONE / IGUATU,2025-05,1
NONE / IGUATU,2025-06,3
NONE / IGUATU,2025-07,2
NONE / IGUATU,2025-08,1
NONE / IGUATU,2025-09,2
NONE / IGUATU,2025-11,1
NONE / IGUATU,2026-01,1
NONE / INDEPENDÊNCIA,2022-01,1
NONE / INDEPENDÊNCIA,2022-02,1
NONE / INDEPENDÊNCIA,2022-04,4
NONE / INDEPENDÊNCIA,2022-06,2
NONE / INDEPENDÊNCIA,2022-07,1
NONE / INDEPENDÊNCIA,2022-08,1
NONE / INDEPENDÊNCIA,2022-10,2
NONE / INDEPENDÊNCIA,2022-12,1
NONE / INDEPENDÊNCIA,2023-01,1
NONE / INDEPENDÊNCIA,2023-02,1
NONE / INDEPENDÊNCIA,2023-03,1
NONE / INDEPENDÊNCIA,2023-05,1
NONE / INDEPENDÊNCIA,2023-06,1
NONE / INDEPENDÊNCIA,2023-08,2
NONE / INDEPENDÊNCIA,2023-10,1
NONE / INDEPENDÊNCIA,2024-02,1
NONE / INDEPENDÊNCIA,2024-05,1
NONE / INDEPENDÊNCIA,2024-08,2
NONE / INDEPENDÊNCIA,2024-09,1
NONE / INDEPENDÊNCIA,2024-10,1
NONE / INDEPENDÊNCIA,2024-11,1
NONE / INDEPENDÊNCIA,2025-03,2
NONE / INDEPENDÊNCIA,2025-05,1
NONE / INDEPENDÊNCIA,2025-11,1
NONE / IPAPORANGA,2022-03,1
NONE / IPAPORANGA,2022-04,1
NONE / IPAPORANGA,2022-08,1
NONE / IPAPORANGA,2023-05,1
NONE / IPAPORANGA,2023-06,1
NONE / IPAPORANGA,2023-09,1
NONE / IPAPORANGA,2024-09,1
NONE / IPAPORANGA,2024-10,1
NONE / IPAPORANGA,2025-03,1
NONE / IPAUMIRIM,2022-04,1
NONE / IPAUMIRIM,2022-07,1
NONE / IPU,2023-12,1
NONE / IPU,2024-02,1
NONE / IPU,2024-03,2
NONE / IPU,2024-04,1
NONE / IPU,2024-08,1
NONE / IPU,2024-12,1
NONE / IPU,2025-04,1
NONE / IPU,2025-08,1
NONE / IPU,2025-10,1
NONE / IPUEIRAS,2022-02,1
NONE / IPUEIRAS,2023-02,1
NONE / IPUEIRAS,2024-11,2
NONE / IPUEIRAS,2024-12,1
NONE / IPUEIRAS,2025-10,1
NONE / IRACEMA,2022-01,1
NONE / IRACEMA,2022-04,1
NONE / IRACEMA,2022-05,2
NONE / IRACEMA,2022-08,1
NONE / IRACEMA,2023-07,1
NONE / IRACEMA,2023-08,1
NONE / IRACEMA,2023-12,2
NONE / IRACEMA,2024-01,1
NONE / IRACEMA,2024-02,1
NONE / IRACEMA,2024-05,1
NONE / IRACEMA,2024-06,4
NONE / IRACEMA,2025-02,1
NONE / IRACEMA,2025-05,1
NONE / IRACEMA,2026-01,1
NONE / IRAUÇUBA,2022-01,1
NONE / IRAUÇUBA,2022-05,1
NONE / IRAUÇUBA,2023-05,1
NONE / IRAUÇUBA,2023-07,1
NONE / IRAUÇUBA,2023-08,2
NONE / IRAUÇUBA,2023-09,1
NONE / IRAUÇUBA,2023-11,1
NONE / IRAUÇUBA,2023-12,1
NONE / IRAUÇUBA,2024-01,2
NONE / IRAUÇUBA,2024-03,1
NONE / IRAUÇUBA,2024-04,1
NONE / IRAUÇUBA,2024-05,3
NONE / IRAUÇUBA,2024-07,1
NONE / IRAUÇUBA,2024-08,1
NONE / IRAUÇUBA,2024-09,1
NONE / IRAUÇUBA,2024-10,1
NONE / IRAUÇUBA,2024-11,2
NONE / IRAUÇUBA,2025-01,1
NONE / IRAUÇUBA,2025-03,1
NONE / IRAUÇUBA,2025-05,1
NONE / IRAUÇUBA,2025-07,3
NONE / IRAUÇUBA,2026-01,2
NONE / ITAITINGA,2022-01,1
NONE / ITAITINGA,2022-02,4
NONE / ITAITINGA,2022-03,1
NONE / ITAITINGA,2022-04,4
NONE / ITAITINGA,2022-05,1
NONE / ITAITINGA,2022-06,3
NONE / ITAITINGA,2022-07,1
NONE / ITAITINGA,2022-08,3
NONE / ITAITINGA,2022-09,2
NONE / ITAITINGA,2022-10,3
NONE / ITAITINGA,2022-12,1
NONE / ITAITINGA,2023-01,1
NONE / ITAITINGA,2023-03,2
NONE / ITAITINGA,2023-04,3
NONE / ITAITINGA,2023-05,1
NONE / ITAITINGA,2023-08,1
NONE / ITAITINGA,2023-09,6
NONE / ITAITINGA,2023-11,4
NONE / ITAITINGA,2024-02,5
NONE / ITAITINGA,2024-03,1
NONE / ITAITINGA,2024-04,5
NONE / ITAITINGA,2024-05,2
NONE / ITAITINGA,2024-06,1
NONE / ITAITINGA,2024-07,1
NONE / ITAITINGA,2024-09,1
NONE / ITAITINGA,2024-10,1
NONE / ITAITINGA,2024-11,1
NONE / ITAITINGA,2024-12,3
NONE / ITAITINGA,2025-01,1
NONE / ITAITINGA,2025-03,2
NONE / ITAITINGA,2025-04,1
NONE / ITAITINGA,2025-05,2
NONE / ITAITINGA,2025-06,1
NONE / ITAITINGA,2025-07,2
NONE / ITAITINGA,2025-08,2
NONE / ITAITINGA,2025-09,2
NONE / ITAITINGA,2025-10,2
NONE / ITAITINGA,2025-11,2
NONE / ITAIÇABA,2022-03,1
NONE / ITAIÇABA,2022-05,1
NONE / ITAIÇABA,2022-12,1
NONE / ITAIÇABA,2023-07,1
NONE / ITAIÇABA,2023-10,1
NONE / ITAIÇABA,2023-11,1
NONE / ITAIÇABA,2024-01,1
NONE / ITAIÇABA,2024-02,2
NONE / ITAIÇABA,2024-05,1
NONE / ITAIÇABA,2024-06,1
NONE / ITAIÇABA,2024-07,1
NONE / ITAIÇABA,2025-03,1
NONE / ITAIÇABA,2025-09,1
NONE / ITAPAJÉ,2022-01,1
NONE / ITAPAJÉ,2022-02,1
NONE / ITAPAJÉ,2022-03,1
NONE / ITAPAJÉ,2022-04,1
NONE / ITAPAJÉ,2022-06,1
NONE / ITAPAJÉ,2022-07,1
NONE / ITAPAJÉ,2022-10,3
NONE / ITAPAJÉ,2022-11,1
NONE / ITAPAJÉ,2022-12,2
NONE / ITAPAJÉ,2023-01,2
NONE / ITAPAJÉ,2023-02,2
NONE / ITAPAJÉ,2023-03,3
NONE / ITAPAJÉ,2023-04,3
NONE / ITAPAJÉ,2023-06,2
NONE / ITAPAJÉ,2023-07,2
NONE / ITAPAJÉ,2023-08,3
NONE / ITAPAJÉ,2023-09,3
NONE / ITAPAJÉ,2023-10,1
NONE / ITAPAJÉ,2023-11,1
NONE / ITAPAJÉ,2023-12,1
NONE / ITAPAJÉ,2024-01,3
NONE / ITAPAJÉ,2024-04,1
NONE / ITAPAJÉ,2024-05,4
NONE / ITAPAJÉ,2024-06,2
NONE / ITAPAJÉ,2024-07,2
NONE / ITAPAJÉ,2024-08,2
NONE / ITAPAJÉ,2024-09,1
NONE / ITAPAJÉ,2024-10,2
NONE / ITAPAJÉ,2024-11,1
NONE / ITAPAJÉ,2024-12,2
NONE / ITAPAJÉ,2025-01,1
NONE / ITAPAJÉ,2025-02,1
NONE / ITAPAJÉ,2025-03,1
NONE / ITAPAJÉ,2025-04,2
NONE / ITAPAJÉ,2025-05,3
NONE / ITAPAJÉ,2025-06,7
NONE / ITAPAJÉ,2025-07,8
NONE / ITAPAJÉ,2025-08,6
NONE / ITAPAJÉ,2025-10,3
NONE / ITAPAJÉ,2025-11,4
NONE / ITAPAJÉ,2026-01,3
NONE / ITAPIPOCA,2022-03,1
NONE / ITAPIPOCA,2022-06,2
NONE / ITAPIPOCA,2022-08,1
NONE / ITAPIPOCA,2022-11,1
NONE / ITAPIPOCA,2023-01,4
NONE / ITAPIPOCA,2023-02,9
NONE / ITAPIPOCA,2023-03,8
NONE / ITAPIPOCA,2023-04,3
NONE / ITAPIPOCA,2023-05,3
NONE / ITAPIPOCA,2023-06,5
NONE / ITAPIPOCA,2023-07,4
NONE / ITAPIPOCA,2023-08,7
NONE / ITAPIPOCA,2023-09,5
NONE / ITAPIPOCA,2023-10,3
NONE / ITAPIPOCA,2023-11,1
NONE / ITAPIPOCA,2023-12,2
NONE / ITAPIPOCA,2024-01,11
NONE / ITAPIPOCA,2024-02,5
NONE / ITAPIPOCA,2024-03,6
NONE / ITAPIPOCA,2024-04,8
NONE / ITAPIPOCA,2024-05,4
NONE / ITAPIPOCA,2024-06,7
NONE / ITAPIPOCA,2024-07,6
NONE / ITAPIPOCA,2024-08,7
NONE / ITAPIPOCA,2024-09,6
NONE / ITAPIPOCA,2024-10,9
NONE / ITAPIPOCA,2024-11,4
NONE / ITAPIPOCA,2024-12,3
NONE / ITAPIPOCA,2025-01,7
NONE / ITAPIPOCA,2025-02,2
NONE / ITAPIPOCA,2025-03,3
NONE / ITAPIPOCA,2025-04,2
NONE / ITAPIPOCA,2025-05,7
NONE / ITAPIPOCA,2025-06,3
NONE / ITAPIPOCA,2025-07,9
NONE / ITAPIPOCA,2025-08,4
NONE / ITAPIPOCA,2025-09,5
NONE / ITAPIPOCA,2025-10,7
NONE / ITAPIPOCA,2025-11,2
NONE / ITAPIPOCA,2025-12,1
NONE / ITAPIÚNA,2022-04,1
NONE / ITAPIÚNA,2022-05,3
NONE / ITAPIÚNA,2022-08,1
NONE / ITAPIÚNA,2022-09,1
NONE / ITAPIÚNA,2022-11,1
NONE / ITAPIÚNA,2023-01,1
NONE / ITAPIÚNA,2023-05,1
NONE / ITAPIÚNA,2023-08,2
NONE / ITAPIÚNA,2023-09,1
NONE / ITAPIÚNA,2023-10,1
NONE / ITAPIÚNA,2023-12,2
NONE / ITAPIÚNA,2024-02,2
NONE / ITAPIÚNA,2024-03,1
NONE / ITAPIÚNA,2024-06,3
NONE / ITAPIÚNA,2024-07,3
NONE / ITAPIÚNA,2024-12,1
NONE / ITAPIÚNA,2025-01,1
NONE / ITAPIÚNA,2025-05,3
NONE / ITAPIÚNA,2025-07,1
NONE / ITAPIÚNA,2025-08,3
NONE / ITAPIÚNA,2025-09,1
NONE / ITAPIÚNA,2025-11,2
NONE / ITAPIÚNA,2025-12,3
NONE / ITAREMA,2022-01,2
NONE / ITAREMA,2022-02,2
NONE / ITAREMA,2022-03,1
NONE / ITAREMA,2022-04,3
NONE / ITAREMA,2022-07,3
NONE / ITAREMA,2022-09,1
NONE / ITAREMA,2022-11,2
NONE / ITAREMA,2022-12,1
NONE / ITAREMA,2023-01,2
NONE / ITAREMA,2023-02,1
NONE / ITAREMA,2023-04,1
NONE / ITAREMA,2023-07,1
NONE / ITAREMA,2023-08,2
NONE / ITAREMA,2023-09,8
NONE / ITAREMA,2023-10,8
NONE / ITAREMA,2023-11,2
NONE / ITAREMA,2023-12,3
NONE / ITAREMA,2024-01,6
NONE / ITAREMA,2024-02,9
NONE / ITAREMA,2024-03,3
NONE / ITAREMA,2024-04,2
NONE / ITAREMA,2024-05,2
NONE / ITAREMA,2024-06,4
NONE / ITAREMA,2024-07,9
NONE / ITAREMA,2024-08,9
NONE / ITAREMA,2024-09,2
NONE / ITAREMA,2024-10,7
NONE / ITAREMA,2024-11,1
NONE / ITAREMA,2024-12,5
NONE / ITAREMA,2025-01,3
NONE / ITAREMA,2025-02,1
NONE / ITAREMA,2025-03,5
NONE / ITAREMA,2025-04,1
NONE / ITAREMA,2025-05,2
NONE / ITAREMA,2025-06,1
NONE / ITAREMA,2025-07,2
NONE / ITAREMA,2025-08,1
NONE / ITAREMA,2025-09,3
NONE / ITAREMA,2025-10,5
NONE / ITAREMA,2025-11,5
NONE / ITAREMA,2025-12,3
NONE / ITATIRA,2022-03,1
NONE / ITATIRA,2022-04,1
NONE / ITATIRA,2023-03,1
NONE / ITATIRA,2023-05,1
NONE / ITATIRA,2023-08,6
NONE / ITATIRA,2023-09,2
NONE / ITATIRA,2023-10,1
NONE / ITATIRA,2023-11,2
NONE / ITATIRA,2023-12,1
NONE / ITATIRA,2024-02,2
NONE / ITATIRA,2024-03,1
NONE / ITATIRA,2024-04,1
NONE / ITATIRA,2024-09,1
NONE / ITATIRA,2024-11,1
NONE / ITATIRA,2025-05,3
NONE / ITATIRA,2025-08,4
NONE / ITATIRA,2025-10,1
NONE / JAGUARETAMA,2022-02,2
NONE / JAGUARETAMA,2022-04,1
NONE / JAGUARETAMA,2022-07,1
NONE / JAGUARETAMA,2022-09,3
NONE / JAGUARETAMA,2022-11,3
NONE / JAGUARETAMA,2023-04,2
NONE / JAGUARETAMA,2023-05,2
NONE / JAGUARETAMA,2023-06,1
NONE / JAGUARETAMA,2023-10,2
NONE / JAGUARETAMA,2024-01,1
NONE / JAGUARETAMA,2024-02,1
NONE / JAGUARETAMA,2024-03,1
NONE / JAGUARETAMA,2024-04,1
NONE / JAGUARETAMA,2024-05,3
NONE / JAGUARETAMA,2024-06,1
NONE / JAGUARETAMA,2024-08,2
NONE / JAGUARETAMA,2024-10,1
NONE / JAGUARETAMA,2024-12,2
NONE / JAGUARETAMA,2025-01,1
NONE / JAGUARETAMA,2025-02,3
NONE / JAGUARETAMA,2025-05,2
NONE / JAGUARETAMA,2025-08,1
NONE / JAGUARETAMA,2025-09,1
NONE / JAGUARIBARA,2022-01,2
NONE / JAGUARIBARA,2022-08,2
NONE / JAGUARIBARA,2022-09,4
NONE / JAGUARIBARA,2022-10,1
NONE / JAGUARIBARA,2023-02,1
NONE / JAGUARIBARA,2023-06,2
NONE / JAGUARIBARA,2023-07,1
NONE / JAGUARIBARA,2023-08,1
NONE / JAGUARIBARA,2024-08,1
NONE / JAGUARIBARA,2024-09,1
NONE / JAGUARIBARA,2024-10,1
NONE / JAGUARIBARA,2024-11,1
NONE / JAGUARIBARA,2024-12,1
NONE / JAGUARIBARA,2025-02,2
NONE / JAGUARIBARA,2025-04,1
NONE / JAGUARIBARA,2025-05,1
NONE / JAGUARIBARA,2025-08,2
NONE / JAGUARIBARA,2025-09,1
NONE / JAGUARIBE,2022-01,2
NONE / JAGUARIBE,2022-02,1
NONE / JAGUARIBE,2022-04,1
NONE / JAGUARIBE,2022-05,1
NONE / JAGUARIBE,2022-07,1
NONE / JAGUARIBE,2022-10,3
NONE / JAGUARIBE,2022-11,1
NONE / JAGUARIBE,2023-01,1
NONE / JAGUARIBE,2023-03,1
NONE / JAGUARIBE,2023-05,1
NONE / JAGUARIBE,2023-07,1
NONE / JAGUARIBE,2023-08,1
NONE / JAGUARIBE,2023-09,2
NONE / JAGUARIBE,2023-10,3
NONE / JAGUARIBE,2023-11,1
NONE / JAGUARIBE,2023-12,1
NONE / JAGUARIBE,2024-01,1
NONE / JAGUARIBE,2024-03,1
NONE / JAGUARIBE,2024-05,1
NONE / JAGUARIBE,2024-06,1
NONE / JAGUARIBE,2024-07,2
NONE / JAGUARIBE,2024-09,1
NONE / JAGUARIBE,2024-10,1
NONE / JAGUARIBE,2024-12,1
NONE / JAGUARIBE,2025-03,1
NONE / JAGUARIBE,2025-04,1
NONE / JAGUARIBE,2025-05,1
NONE / JAGUARUANA,2022-01,3
NONE / JAGUARUANA,2022-05,1
NONE / JAGUARUANA,2022-12,2
NONE / JAGUARUANA,2023-01,1
NONE / JAGUARUANA,2023-02,1
NONE / JAGUARUANA,2024-05,1
NONE / JAGUARUANA,2024-06,1
NONE / JAGUARUANA,2025-01,2
NONE / JAGUARUANA,2025-10,2
NONE / JAGUARUANA,2025-11,2
NONE / JAGUARUANA,2025-12,1
NONE / JARDIM,2022-04,1
NONE / JARDIM,2022-06,1
NONE / JARDIM,2025-01,2
NONE / JARDIM,2025-03,1
NONE / JARDIM,2025-05,1
NONE / JARDIM,2025-07,1
NONE / JATI,2022-09,1
NONE / JATI,2023-07,1
NONE / JATI,2025-09,1
NONE / JATI,2025-10,1
NONE / JIJOCA DE JERICOACOARA,2022-02,3
NONE / JIJOCA DE JERICOACOARA,2022-03,2
NONE / JIJOCA DE JERICOACOARA,2022-04,1
NONE / JIJOCA DE JERICOACOARA,2022-06,3
NONE / JIJOCA DE JERICOACOARA,2022-08,2
NONE / JIJOCA DE JERICOACOARA,2022-10,1
NONE / JIJOCA DE JERICOACOARA,2022-11,2
NONE / JIJOCA DE JERICOACOARA,2022-12,2
NONE / JIJOCA DE JERICOACOARA,2023-01,1
NONE / JIJOCA DE JERICOACOARA,2023-05,1
NONE / JIJOCA DE JERICOACOARA,2023-09,1
NONE / JIJOCA DE JERICOACOARA,2023-10,1
NONE / JIJOCA DE JERICOACOARA,2023-11,1
NONE / JIJOCA DE JERICOACOARA,2023-12,1
NONE / JIJOCA DE JERICOACOARA,2024-01,1
NONE / JIJOCA DE JERICOACOARA,2024-06,3
NONE / JIJOCA DE JERICOACOARA,2024-07,1
NONE / JIJOCA DE JERICOACOARA,2024-09,2
NONE / JIJOCA DE JERICOACOARA,2024-10,1
NONE / JIJOCA DE JERICOACOARA,2024-12,4
NONE / JIJOCA DE JERICOACOARA,2025-01,1
NONE / JIJOCA DE JERICOACOARA,2025-02,1
NONE / JIJOCA DE JERICOACOARA,2025-03,1
NONE / JIJOCA DE JERICOACOARA,2025-06,1
NONE / JIJOCA DE JERICOACOARA,2025-07,1
NONE / JIJOCA DE JERICOACOARA,2025-08,1
NONE / JIJOCA DE JERICOACOARA,2025-09,1
NONE / JUAZEIRO DO NORTE,2022-01,11
NONE / JUAZEIRO DO NORTE,2022-02,7
NONE / JUAZEIRO DO NORTE,2022-03,9
NONE / JUAZEIRO DO NORTE,2022-04,5
NONE / JUAZEIRO DO NORTE,2022-05,1
NONE / JUAZEIRO DO NORTE,2022-06,5
NONE / JUAZEIRO DO NORTE,2022-07,6
NONE / JUAZEIRO DO NORTE,2022-08,6
NONE / JUAZEIRO DO NORTE,2022-09,3
NONE / JUAZEIRO DO NORTE,2022-10,3
NONE / JUAZEIRO DO NORTE,2022-11,4
NONE / JUAZEIRO DO NORTE,2022-12,4
NONE / JUAZEIRO DO NORTE,2023-01,6
NONE / JUAZEIRO DO NORTE,2023-02,4
NONE / JUAZEIRO DO NORTE,2023-03,9
NONE / JUAZEIRO DO NORTE,2023-04,10
NONE / JUAZEIRO DO NORTE,2023-05,4
NONE / JUAZEIRO DO NORTE,2023-06,5
NONE / JUAZEIRO DO NORTE,2023-07,3
NONE / JUAZEIRO DO NORTE,2023-08,2
NONE / JUAZEIRO DO NORTE,2023-09,4
NONE / JUAZEIRO DO NORTE,2023-10,8
NONE / JUAZEIRO DO NORTE,2023-11,5
NONE / JUAZEIRO DO NORTE,2023-12,6
NONE / JUAZEIRO DO NORTE,2024-01,6
NONE / JUAZEIRO DO NORTE,2024-02,4
NONE / JUAZEIRO DO NORTE,2024-03,12
NONE / JUAZEIRO DO NORTE,2024-04,8
NONE / JUAZEIRO DO NORTE,2024-05,7
NONE / JUAZEIRO DO NORTE,2024-06,5
NONE / JUAZEIRO DO NORTE,2024-07,6
NONE / JUAZEIRO DO NORTE,2024-08,7
NONE / JUAZEIRO DO NORTE,2024-09,7
NONE / JUAZEIRO DO NORTE,2024-10,7
NONE / JUAZEIRO DO NORTE,2024-11,8
NONE / JUAZEIRO DO NORTE,2024-12,5
NONE / JUAZEIRO DO NORTE,2025-01,3
NONE / JUAZEIRO DO NORTE,2025-02,5
NONE / JUAZEIRO DO NORTE,2025-03,4
NONE / JUAZEIRO DO NORTE,2025-04,4
NONE / JUAZEIRO DO NORTE,2025-05,8
NONE / JUAZEIRO DO NORTE,2025-06,7
NONE / JUAZEIRO DO NORTE,2025-07,3
NONE / JUAZEIRO DO NORTE,2025-08,4
NONE / JUAZEIRO DO NORTE,2025-09,11
NONE / JUAZEIRO DO NORTE,2025-10,5
NONE / JUAZEIRO DO NORTE,2025-11,13
NONE / JUAZEIRO DO NORTE,2025-12,11
NONE / JUAZEIRO DO NORTE,2026-01,6
NONE / JUCÁS,2022-01,1
NONE / JUCÁS,2022-02,3
NONE / JUCÁS,2022-06,1
NONE / JUCÁS,2022-08,1
NONE / JUCÁS,2022-10,1
NONE / JUCÁS,2023-07,3
NONE / JUCÁS,2023-09,3
NONE / JUCÁS,2023-11,1
NONE / JUCÁS,2024-01,1
NONE / JUCÁS,2024-03,1
NONE / JUCÁS,2024-09,1
NONE / JUCÁS,2025-05,1
NONE / JUCÁS,2025-10,1
NONE / LAVRAS DA MANGABEIRA,2022-01,1
NONE / LAVRAS DA MANGABEIRA,2022-03,1
NONE / LAVRAS DA MANGABEIRA,2022-11,1
NONE / LAVRAS DA MANGABEIRA,2024-09,1
NONE / LAVRAS DA MANGABEIRA,2025-01,1
NONE / LAVRAS DA MANGABEIRA,2025-02,1
NONE / LAVRAS DA MANGABEIRA,2025-11,1
NONE / LIMOEIRO DO NORTE,2022-01,3
NONE / LIMOEIRO DO NORTE,2022-02,4
NONE / LIMOEIRO DO NORTE,2022-03,5
NONE / LIMOEIRO DO NORTE,2022-04,4
NONE / LIMOEIRO DO NORTE,2022-05,2
NONE / LIMOEIRO DO NORTE,2022-06,3
NONE / LIMOEIRO DO NORTE,2022-07,3
NONE / LIMOEIRO DO NORTE,2022-08,5
NONE / LIMOEIRO DO NORTE,2022-09,3
NONE / LIMOEIRO DO NORTE,2022-10,5
NONE / LIMOEIRO DO NORTE,2022-11,1
NONE / LIMOEIRO DO NORTE,2022-12,5
NONE / LIMOEIRO DO NORTE,2023-01,4
NONE / LIMOEIRO DO NORTE,2023-02,4
NONE / LIMOEIRO DO NORTE,2023-04,3
NONE / LIMOEIRO DO NORTE,2023-05,1
NONE / LIMOEIRO DO NORTE,2023-08,1
NONE / LIMOEIRO DO NORTE,2023-09,1
NONE / LIMOEIRO DO NORTE,2023-10,4
NONE / LIMOEIRO DO NORTE,2024-01,4
NONE / LIMOEIRO DO NORTE,2024-04,1
NONE / LIMOEIRO DO NORTE,2024-05,2
NONE / LIMOEIRO DO NORTE,2024-07,4
NONE / LIMOEIRO DO NORTE,2024-08,4
NONE / LIMOEIRO DO NORTE,2024-11,1
NONE / LIMOEIRO DO NORTE,2025-01,2
NONE / LIMOEIRO DO NORTE,2025-03,3
NONE / LIMOEIRO DO NORTE,2025-05,3
NONE / LIMOEIRO DO NORTE,2025-06,2
NONE / LIMOEIRO DO NORTE,2025-07,3
NONE / LIMOEIRO DO NORTE,2025-08,2
NONE / LIMOEIRO DO NORTE,2025-10,3
NONE / LIMOEIRO DO NORTE,2025-11,4
NONE / LIMOEIRO DO NORTE,2025-12,1
NONE / LIMOEIRO DO NORTE,2026-01,2
NONE / MADALENA,2022-02,1
NONE / MADALENA,2022-06,4
NONE / MADALENA,2022-09,1
NONE / MADALENA,2022-10,1
NONE / MADALENA,2023-02,2
NONE / MADALENA,2023-03,1
NONE / MADALENA,2023-04,1
NONE / MADALENA,2023-05,1
NONE / MADALENA,2023-06,1
NONE / MADALENA,2023-07,1
NONE / MADALENA,2023-09,1
NONE / MADALENA,2023-10,1
NONE / MADALENA,2024-01,2
NONE / MADALENA,2024-05,1
NONE / MADALENA,2024-08,1
NONE / MADALENA,2025-01,2
NONE / MADALENA,2025-05,1
NONE / MADALENA,2025-07,3
NONE / MADALENA,2025-10,1
NONE / MADALENA,2025-11,1
NONE / MADALENA,2025-12,1
NONE / MARACANAÚ,2022-01,10
NONE / MARACANAÚ,2022-02,10
NONE / MARACANAÚ,2022-03,6
NONE / MARACANAÚ,2022-04,9
NONE / MARACANAÚ,2022-05,11
NONE / MARACANAÚ,2022-06,18
NONE / MARACANAÚ,2022-07,15
NONE / MARACANAÚ,2022-08,14
NONE / MARACANAÚ,2022-09,11
NONE / MARACANAÚ,2022-10,9
NONE / MARACANAÚ,2022-11,9
NONE / MARACANAÚ,2022-12,9
NONE / MARACANAÚ,2023-01,16
NONE / MARACANAÚ,2023-02,20
NONE / MARACANAÚ,2023-03,10
NONE / MARACANAÚ,2023-04,11
NONE / MARACANAÚ,2023-05,7
NONE / MARACANAÚ,2023-06,14
NONE / MARACANAÚ,2023-07,12
NONE / MARACANAÚ,2023-08,6
NONE / MARACANAÚ,2023-09,18
NONE / MARACANAÚ,2023-10,18
NONE / MARACANAÚ,2023-11,17
NONE / MARACANAÚ,2023-12,14
NONE / MARACANAÚ,2024-01,10
NONE / MARACANAÚ,2024-02,8
NONE / MARACANAÚ,2024-03,17
NONE / MARACANAÚ,2024-04,22
NONE / MARACANAÚ,2024-05,16
NONE / MARACANAÚ,2024-06,19
NONE / MARACANAÚ,2024-07,8
NONE / MARACANAÚ,2024-08,8
NONE / MARACANAÚ,2024-09,14
NONE / MARACANAÚ,2024-10,16
NONE / MARACANAÚ,2024-11,11
NONE / MARACANAÚ,2024-12,17
NONE / MARACANAÚ,2025-01,13
NONE / MARACANAÚ,2025-02,11
NONE / MARACANAÚ,2025-03,16
NONE / MARACANAÚ,2025-04,12
NONE / MARACANAÚ,2025-05,15
NONE / MARACANAÚ,2025-06,10
NONE / MARACANAÚ,2025-07,17
NONE / MARACANAÚ,2025-08,19
NONE / MARACANAÚ,2025-09,23
NONE / MARACANAÚ,2025-10,25
NONE / MARACANAÚ,2025-11,22
NONE / MARACANAÚ,2025-12,20
NONE / MARANGUAPE,2022-01,6
NONE / MARANGUAPE,2022-02,1
NONE / MARANGUAPE,2022-03,3
NONE / MARANGUAPE,2022-04,1
NONE / MARANGUAPE,2022-05,2
NONE / MARANGUAPE,2022-06,2
NONE / MARANGUAPE,2022-07,5
NONE / MARANGUAPE,2022-08,5
NONE / MARANGUAPE,2022-09,4
NONE / MARANGUAPE,2022-10,4
NONE / MARANGUAPE,2022-11,2
NONE / MARANGUAPE,2022-12,7
NONE / MARANGUAPE,2023-01,8
NONE / MARANGUAPE,2023-02,4
NONE / MARANGUAPE,2023-03,4
NONE / MARANGUAPE,2023-04,4
NONE / MARANGUAPE,2023-05,9
NONE / MARANGUAPE,2023-06,9
NONE / MARANGUAPE,2023-07,3
NONE / MARANGUAPE,2023-08,7
NONE / MARANGUAPE,2023-09,5
NONE / MARANGUAPE,2023-10,13
NONE / MARANGUAPE,2023-11,8
NONE / MARANGUAPE,2023-12,3
NONE / MARANGUAPE,2024-01,8
NONE / MARANGUAPE,2024-02,12
NONE / MARANGUAPE,2024-03,8
NONE / MARANGUAPE,2024-04,15
NONE / MARANGUAPE,2024-05,8
NONE / MARANGUAPE,2024-06,4
NONE / MARANGUAPE,2024-07,6
NONE / MARANGUAPE,2024-08,1
NONE / MARANGUAPE,2024-09,4
NONE / MARANGUAPE,2024-10,3
NONE / MARANGUAPE,2024-11,6
NONE / MARANGUAPE,2024-12,10
NONE / MARANGUAPE,2025-01,8
NONE / MARANGUAPE,2025-02,11
NONE / MARANGUAPE,2025-03,1
NONE / MARANGUAPE,2025-04,4
NONE / MARANGUAPE,2025-05,6
NONE / MARANGUAPE,2025-06,9
NONE / MARANGUAPE,2025-07,5
NONE / MARANGUAPE,2025-08,10
NONE / MARANGUAPE,2025-09,11
NONE / MARANGUAPE,2025-10,15
NONE / MARANGUAPE,2025-11,21
NONE / MARANGUAPE,2025-12,6
NONE / MARCO,2022-03,1
NONE / MARCO,2022-09,2
NONE / MARCO,2022-12,1
NONE / MARCO,2023-01,2
NONE / MARCO,2023-04,1
NONE / MARCO,2023-05,2
NONE / MARCO,2023-06,1
NONE / MARCO,2023-08,1
NONE / MARCO,2024-04,2
NONE / MARCO,2024-07,1
NONE / MARCO,2024-08,2
NONE / MARCO,2025-01,1
NONE / MARCO,2025-07,1
NONE / MARCO,2025-11,1
NONE / MARTINÓPOLE,2022-03,2
NONE / MARTINÓPOLE,2025-05,1
NONE / MARTINÓPOLE,2025-08,1
NONE / MARTINÓPOLE,2025-10,1
NONE / MARTINÓPOLE,2025-11,1
NONE / MASSAPÊ,2022-01,1
NONE / MASSAPÊ,2022-02,1
NONE / MASSAPÊ,2022-09,1
NONE / MASSAPÊ,2022-10,2
NONE / MASSAPÊ,2022-11,1
NONE / MASSAPÊ,2022-12,2
NONE / MASSAPÊ,2023-02,1
NONE / MASSAPÊ,2023-04,2
NONE / MASSAPÊ,2023-10,1
NONE / MASSAPÊ,2023-11,1
NONE / MASSAPÊ,2024-01,1
NONE / MASSAPÊ,2024-05,1
NONE / MASSAPÊ,2024-07,1
NONE / MASSAPÊ,2024-08,1
NONE / MASSAPÊ,2025-01,2
NONE / MASSAPÊ,2025-03,1
NONE / MASSAPÊ,2025-06,1
NONE / MASSAPÊ,2025-08,1
NONE / MASSAPÊ,2026-01,1
NONE / MAURITI,2022-02,1
NONE / MAURITI,2022-05,3
NONE / MAURITI,2022-07,2
NONE / MAURITI,2022-08,3
NONE / MAURITI,2022-11,1
NONE / MAURITI,2023-02,2
NONE / MAURITI,2023-04,1
NONE / MAURITI,2023-06,1
NONE / MAURITI,2023-07,1
NONE / MAURITI,2023-12,1
NONE / MAURITI,2024-01,1
NONE / MAURITI,2024-03,2
NONE / MAURITI,2024-05,1
NONE / MAURITI,2024-10,1
NONE / MAURITI,2024-11,2
NONE / MAURITI,2025-01,1
NONE / MAURITI,2025-03,1
NONE / MAURITI,2025-12,2
NONE / MAURITI,2026-01,1
NONE / MERUOCA,2022-06,1
NONE / MERUOCA,2023-07,1
NONE / MERUOCA,2023-11,1
NONE / MERUOCA,2025-06,1
NONE / MERUOCA,2025-11,1
NONE / MILAGRES,2022-08,1
NONE / MILAGRES,2022-11,1
NONE / MILAGRES,2023-02,1
NONE / MILAGRES,2023-05,1
NONE / MILAGRES,2023-08,1
NONE / MILAGRES,2024-02,1
NONE / MILAGRES,2024-04,1
NONE / MILAGRES,2024-05,1
NONE / MILAGRES,2024-08,1
NONE / MILAGRES,2024-12,1
NONE / MILAGRES,2025-04,1
NONE / MILAGRES,2025-10,1
NONE / MILAGRES,2025-11,1
NONE / MILHÃ,2022-01,1
NONE / MILHÃ,2022-02,1
NONE / MILHÃ,2022-03,1
NONE / MILHÃ,2022-07,1
NONE / MILHÃ,2023-02,1
NONE / MILHÃ,2023-05,1
NONE / MILHÃ,2023-12,1
NONE / MILHÃ,2024-07,1
NONE / MILHÃ,2024-12,1
NONE / MILHÃ,2025-03,1
NONE / MIRAÍMA,2022-01,1
NONE / MIRAÍMA,2022-07,1
NONE / MIRAÍMA,2022-10,1
NONE / MIRAÍMA,2023-02,1
NONE / MIRAÍMA,2023-03,1
NONE / MIRAÍMA,2023-04,1
NONE / MIRAÍMA,2023-06,2
NONE / MIRAÍMA,2023-07,1
NONE / MIRAÍMA,2023-08,2
NONE / MIRAÍMA,2023-10,3
NONE / MIRAÍMA,2024-01,1
NONE / MIRAÍMA,2024-02,2
NONE / MIRAÍMA,2024-03,2
NONE / MIRAÍMA,2024-04,1
NONE / MIRAÍMA,2024-05,2
NONE / MIRAÍMA,2024-07,1
NONE / MIRAÍMA,2024-08,2
NONE / MIRAÍMA,2024-09,2
NONE / MIRAÍMA,2024-10,2
NONE / MIRAÍMA,2024-12,2
NONE / MIRAÍMA,2025-06,1
NONE / MIRAÍMA,2025-09,1
NONE / MIRAÍMA,2025-12,1
NONE / MISSÃO VELHA,2022-01,1
NONE / MISSÃO VELHA,2022-02,2
NONE / MISSÃO VELHA,2022-03,1
NONE / MISSÃO VELHA,2022-04,1
NONE / MISSÃO VELHA,2022-07,1
NONE / MISSÃO VELHA,2022-08,1
NONE / MISSÃO VELHA,2022-10,1
NONE / MISSÃO VELHA,2022-11,1
NONE / MISSÃO VELHA,2022-12,1
NONE / MISSÃO VELHA,2023-01,1
NONE / MISSÃO VELHA,2023-03,1
NONE / MISSÃO VELHA,2023-04,2
NONE / MISSÃO VELHA,2023-07,1
NONE / MISSÃO VELHA,2023-09,1
NONE / MISSÃO VELHA,2025-01,1
NONE / MISSÃO VELHA,2025-02,1
NONE / MISSÃO VELHA,2025-03,2
NONE / MISSÃO VELHA,2025-05,1
NONE / MISSÃO VELHA,2025-07,2
NONE / MISSÃO VELHA,2025-08,1
NONE / MISSÃO VELHA,2025-10,1
NONE / MISSÃO VELHA,2025-11,1
NONE / MISSÃO VELHA,2025-12,1
NONE / MISSÃO VELHA,2026-01,1
NONE / MOMBAÇA,2022-02,1
NONE / MOMBAÇA,2022-06,1
NONE / MOMBAÇA,2022-07,1
NONE / MOMBAÇA,2022-12,1
NONE / MOMBAÇA,2023-03,1
NONE / MOMBAÇA,2023-04,2
NONE / MOMBAÇA,2023-05,1
NONE / MOMBAÇA,2024-01,1
NONE / MOMBAÇA,2024-05,2
NONE / MOMBAÇA,2024-07,1
NONE / MOMBAÇA,2024-08,1
NONE / MOMBAÇA,2024-12,1
NONE / MOMBAÇA,2025-01,1
NONE / MOMBAÇA,2025-02,1
NONE / MOMBAÇA,2025-04,1
NONE / MOMBAÇA,2025-09,2
NONE / MOMBAÇA,2025-10,1
NONE / MONSENHOR TABOSA,2022-01,1
NONE / MONSENHOR TABOSA,2022-02,5
NONE / MONSENHOR TABOSA,2022-03,1
NONE / MONSENHOR TABOSA,2022-04,1
NONE / MONSENHOR TABOSA,2022-05,5
NONE / MONSENHOR TABOSA,2022-10,1
NONE / MONSENHOR TABOSA,2023-03,1
NONE / MONSENHOR TABOSA,2023-07,2
NONE / MONSENHOR TABOSA,2024-06,1
NONE / MONSENHOR TABOSA,2025-02,1
NONE / MONSENHOR TABOSA,2025-08,2
NONE / MONSENHOR TABOSA,2025-11,1
NONE / MORADA NOVA,2022-01,4
NONE / MORADA NOVA,2022-02,4
NONE / MORADA NOVA,2022-03,2
NONE / MORADA NOVA,2022-04,7
NONE / MORADA NOVA,2022-05,1
NONE / MORADA NOVA,2022-07,4
NONE / MORADA NOVA,2022-08,4
NONE / MORADA NOVA,2022-10,4
NONE / MORADA NOVA,2022-11,5
NONE / MORADA NOVA,2022-12,5
NONE / MORADA NOVA,2023-01,1
NONE / MORADA NOVA,2023-02,8
NONE / MORADA NOVA,2023-03,8
NONE / MORADA NOVA,2023-05,3
NONE / MORADA NOVA,2023-06,2
NONE / MORADA NOVA,2023-09,1
NONE / MORADA NOVA,2023-10,2
NONE / MORADA NOVA,2023-11,6
NONE / MORADA NOVA,2023-12,6
NONE / MORADA NOVA,2024-01,3
NONE / MORADA NOVA,2024-02,2
NONE / MORADA NOVA,2024-03,10
NONE / MORADA NOVA,2024-04,2
NONE / MORADA NOVA,2024-05,3
NONE / MORADA NOVA,2024-07,3
NONE / MORADA NOVA,2024-08,3
NONE / MORADA NOVA,2024-09,1
NONE / MORADA NOVA,2024-10,2
NONE / MORADA NOVA,2024-11,6
NONE / MORADA NOVA,2024-12,1
NONE / MORADA NOVA,2025-01,2
NONE / MORADA NOVA,2025-02,1
NONE / MORADA NOVA,2025-03,1
NONE / MORADA NOVA,2025-04,3
NONE / MORADA NOVA,2025-05,4
NONE / MORADA NOVA,2025-06,3
NONE / MORADA NOVA,2025-07,3
NONE / MORADA NOVA,2025-09,1
NONE / MORADA NOVA,2025-10,3
NONE / MORADA NOVA,2025-11,3
NONE / MORADA NOVA,2025-12,6
NONE / MORADA NOVA,2026-01,1
NONE / MORAÚJO,2022-12,1
NONE / MORAÚJO,2024-09,1
NONE / MORRINHOS,2022-12,1
NONE / MORRINHOS,2023-01,1
NONE / MORRINHOS,2023-02,1
NONE / MORRINHOS,2023-03,2
NONE / MORRINHOS,2023-08,1
NONE / MORRINHOS,2023-10,1
NONE / MORRINHOS,2024-02,1
NONE / MORRINHOS,2024-06,2
NONE / MORRINHOS,2024-08,1
NONE / MORRINHOS,2024-10,1
NONE / MORRINHOS,2025-08,1
NONE / MUCAMBO,2022-07,1
NONE / MUCAMBO,2022-10,3
NONE / MUCAMBO,2022-12,2
NONE / MUCAMBO,2023-04,1
NONE / MUCAMBO,2023-05,1
NONE / MUCAMBO,2023-08,1
NONE / MUCAMBO,2024-05,1
NONE / MUCAMBO,2025-03,1
NONE / MUCAMBO,2025-08,1
NONE / MUCAMBO,2025-09,2
NONE / MULUNGU,2022-01,2
NONE / MULUNGU,2022-02,3
NONE / MULUNGU,2022-04,1
NONE / MULUNGU,2022-07,1
NONE / MULUNGU,2022-08,5
NONE / MULUNGU,2022-09,2
NONE / MULUNGU,2022-10,1
NONE / MULUNGU,2022-12,1
NONE / MULUNGU,2023-01,2
NONE / MULUNGU,2023-02,2
NONE / MULUNGU,2025-03,1
NONE / MULUNGU,2025-07,1
NONE / NOVA OLINDA,2022-01,1
NONE / NOVA OLINDA,2022-06,1
NONE / NOVA OLINDA,2022-07,1
NONE / NOVA OLINDA,2022-11,1
NONE / NOVA OLINDA,2023-02,1
NONE / NOVA OLINDA,2023-05,1
NONE / NOVA OLINDA,2023-09,1
NONE / NOVA OLINDA,2023-10,1
NONE / NOVA OLINDA,2023-12,1
NONE / NOVA OLINDA,2024-01,2
NONE / NOVA OLINDA,2024-04,2
NONE / NOVA OLINDA,2024-05,1
NONE / NOVA OLINDA,2024-06,1
NONE / NOVA OLINDA,2024-11,2
NONE / NOVA OLINDA,2024-12,2
NONE / NOVA OLINDA,2025-01,1
NONE / NOVA OLINDA,2025-03,1
NONE / NOVA OLINDA,2025-05,1
NONE / NOVA OLINDA,2025-06,1
NONE / NOVA OLINDA,2025-09,1
NONE / NOVA OLINDA,2025-12,1
NONE / NOVA RUSSAS,2022-07,1
NONE / NOVA RUSSAS,2022-08,2
NONE / NOVA RUSSAS,2023-02,1
NONE / NOVA RUSSAS,2023-03,1
NONE / NOVA RUSSAS,2023-08,1
NONE / NOVA RUSSAS,2023-09,1
NONE / NOVA RUSSAS,2023-11,1
NONE / NOVA RUSSAS,2024-04,1
NONE / NOVA RUSSAS,2024-10,2
NONE / NOVA RUSSAS,2025-03,1
NONE / NOVA RUSSAS,2025-07,1
NONE / NOVA RUSSAS,2025-10,1
NONE / NOVO ORIENTE,2022-01,1
NONE / NOVO ORIENTE,2023-01,2
NONE / NOVO ORIENTE,2023-12,1
NONE / NOVO ORIENTE,2024-02,1
NONE / NOVO ORIENTE,2024-03,1
NONE / NOVO ORIENTE,2024-07,2
NONE / NOVO ORIENTE,2024-09,2
NONE / NOVO ORIENTE,2024-10,2
NONE / NOVO ORIENTE,2024-11,2
NONE / NOVO ORIENTE,2024-12,1
NONE / NOVO ORIENTE,2025-01,1
NONE / NOVO ORIENTE,2025-02,2
NONE / NOVO ORIENTE,2025-04,1
NONE / NOVO ORIENTE,2025-06,2
NONE / NOVO ORIENTE,2025-08,3
NONE / NOVO ORIENTE,2025-09,2
NONE / NOVO ORIENTE,2025-10,1
NONE / OCARA,2022-02,1
NONE / OCARA,2022-03,1
NONE / OCARA,2022-04,1
NONE / OCARA,2022-06,1
NONE / OCARA,2022-07,1
NONE / OCARA,2023-09,2
NONE / OCARA,2023-11,1
NONE / OCARA,2023-12,1
NONE / OCARA,2024-05,1
NONE / OCARA,2024-08,2
NONE / OCARA,2024-10,1
NONE / OCARA,2025-03,1
NONE / ORÓS,2022-08,1
NONE / ORÓS,2022-09,2
NONE / ORÓS,2023-03,1
NONE / ORÓS,2023-10,1
NONE / ORÓS,2023-12,2
NONE / ORÓS,2024-01,2
NONE / ORÓS,2024-04,3
NONE / ORÓS,2024-08,1
NONE / ORÓS,2024-10,2
NONE / ORÓS,2024-11,1
NONE / ORÓS,2024-12,1
NONE / ORÓS,2025-01,1
NONE / PACAJUS,2022-01,4
NONE / PACAJUS,2022-02,3
NONE / PACAJUS,2022-04,7
NONE / PACAJUS,2022-05,1
NONE / PACAJUS,2022-06,3
NONE / PACAJUS,2022-07,1
NONE / PACAJUS,2022-08,5
NONE / PACAJUS,2022-09,4
NONE / PACAJUS,2022-10,4
NONE / PACAJUS,2022-11,1
NONE / PACAJUS,2023-01,4
NONE / PACAJUS,2023-02,2
NONE / PACAJUS,2023-03,6
NONE / PACAJUS,2023-04,2
NONE / PACAJUS,2023-05,3
NONE / PACAJUS,2023-06,2
NONE / PACAJUS,2023-07,3
NONE / PACAJUS,2023-08,5
NONE / PACAJUS,2023-09,1
NONE / PACAJUS,2023-10,3
NONE / PACAJUS,2023-11,2
NONE / PACAJUS,2023-12,3
NONE / PACAJUS,2024-01,2
NONE / PACAJUS,2024-02,4
NONE / PACAJUS,2024-03,3
NONE / PACAJUS,2024-04,3
NONE / PACAJUS,2024-05,4
NONE / PACAJUS,2024-06,2
NONE / PACAJUS,2024-07,4
NONE / PACAJUS,2024-08,3
NONE / PACAJUS,2024-09,2
NONE / PACAJUS,2024-10,1
NONE / PACAJUS,2024-11,5
NONE / PACAJUS,2024-12,3
NONE / PACAJUS,2025-01,1
NONE / PACAJUS,2025-02,3
NONE / PACAJUS,2025-03,2
NONE / PACAJUS,2025-04,1
NONE / PACAJUS,2025-05,4
NONE / PACAJUS,2025-06,4
NONE / PACAJUS,2025-07,6
NONE / PACAJUS,2025-08,1
NONE / PACAJUS,2025-09,1
NONE / PACAJUS,2025-10,5
NONE / PACAJUS,2025-11,2
NONE / PACAJUS,2025-12,2
NONE / PACAJUS,2026-01,2
NONE / PACATUBA,2022-01,3
NONE / PACATUBA,2022-02,3
NONE / PACATUBA,2022-03,4
NONE / PACATUBA,2022-04,2
NONE / PACATUBA,2022-05,3
NONE / PACATUBA,2022-06,3
NONE / PACATUBA,2022-07,1
NONE / PACATUBA,2022-08,1
NONE / PACATUBA,2022-09,2
NONE / PACATUBA,2022-10,4
NONE / PACATUBA,2022-11,5
NONE / PACATUBA,2022-12,2
NONE / PACATUBA,2023-01,5
NONE / PACATUBA,2023-02,9
NONE / PACATUBA,2023-03,3
NONE / PACATUBA,2023-04,8
NONE / PACATUBA,2023-05,4
NONE / PACATUBA,2023-06,1
NONE / PACATUBA,2023-07,7
NONE / PACATUBA,2023-08,3
NONE / PACATUBA,2023-09,3
NONE / PACATUBA,2023-10,6
NONE / PACATUBA,2023-11,3
NONE / PACATUBA,2023-12,5
NONE / PACATUBA,2024-01,4
NONE / PACATUBA,2024-02,4
NONE / PACATUBA,2024-03,3
NONE / PACATUBA,2024-04,3
NONE / PACATUBA,2024-05,7
NONE / PACATUBA,2024-06,5
NONE / PACATUBA,2024-07,5
NONE / PACATUBA,2024-08,1
NONE / PACATUBA,2024-09,6
NONE / PACATUBA,2024-10,1
NONE / PACATUBA,2024-11,3
NONE / PACATUBA,2024-12,7
NONE / PACATUBA,2025-01,1
NONE / PACATUBA,2025-02,3
NONE / PACATUBA,2025-03,4
NONE / PACATUBA,2025-04,6
NONE / PACATUBA,2025-05,6
NONE / PACATUBA,2025-06,3
NONE / PACATUBA,2025-07,7
NONE / PACATUBA,2025-08,6
NONE / PACATUBA,2025-09,7
NONE / PACATUBA,2025-10,7
NONE / PACATUBA,2025-11,8
NONE / PACATUBA,2025-12,6
NONE / PACOTI,2022-10,1
NONE / PACOTI,2022-11,1
NONE / PACOTI,2023-01,1
NONE / PACOTI,2023-02,2
NONE / PACOTI,2023-06,1
NONE / PACOTI,2023-10,1
NONE / PACOTI,2024-02,1
NONE / PACOTI,2025-03,1
NONE / PACUJÁ,2023-02,1
NONE / PACUJÁ,2025-11,1
NONE / PALHANO,2022-04,1
NONE / PALHANO,2022-06,1
NONE / PALHANO,2022-10,1
NONE / PALHANO,2023-09,1
NONE / PALHANO,2024-05,1
NONE / PALMÁCIA,2022-01,1
NONE / PALMÁCIA,2022-05,1
NONE / PALMÁCIA,2022-08,1
NONE / PALMÁCIA,2022-11,1
NONE / PALMÁCIA,2022-12,1
NONE / PALMÁCIA,2023-05,1
NONE / PALMÁCIA,2024-02,2
NONE / PALMÁCIA,2024-09,1
NONE / PALMÁCIA,2025-03,1
NONE / PALMÁCIA,2025-10,1
NONE / PARACURU,2022-03,1
NONE / PARACURU,2022-04,1
NONE / PARACURU,2022-05,1
NONE / PARACURU,2022-06,2
NONE / PARACURU,2022-07,1
NONE / PARACURU,2022-08,3
NONE / PARACURU,2022-09,2
NONE / PARACURU,2022-12,4
NONE / PARACURU,2023-01,2
NONE / PARACURU,2023-03,2
NONE / PARACURU,2023-05,2
NONE / PARACURU,2023-06,2
NONE / PARACURU,2023-07,1
NONE / PARACURU,2023-08,1
NONE / PARACURU,2023-09,4
NONE / PARACURU,2023-10,1
NONE / PARACURU,2023-12,1
NONE / PARACURU,2024-01,4
NONE / PARACURU,2024-03,1
NONE / PARACURU,2024-04,1
NONE / PARACURU,2024-05,3
NONE / PARACURU,2024-06,2
NONE / PARACURU,2024-07,4
NONE / PARACURU,2024-08,6
NONE / PARACURU,2024-09,1
NONE / PARACURU,2024-10,2
NONE / PARACURU,2024-11,2
NONE / PARACURU,2025-01,2
NONE / PARACURU,2025-03,1
NONE / PARACURU,2025-04,1
NONE / PARACURU,2025-05,3
NONE / PARACURU,2025-06,2
NONE / PARACURU,2025-07,2
NONE / PARACURU,2025-08,1
NONE / PARACURU,2025-09,2
NONE / PARACURU,2025-10,4
NONE / PARACURU,2025-11,1
NONE / PARACURU,2025-12,1
NONE / PARAIPABA,2022-02,2
NONE / PARAIPABA,2022-08,1
NONE / PARAIPABA,2022-10,3
NONE / PARAIPABA,2023-01,2
NONE / PARAIPABA,2023-02,1
NONE / PARAIPABA,2023-04,1
NONE / PARAIPABA,2023-06,1
NONE / PARAIPABA,2023-09,2
NONE / PARAIPABA,2023-10,1
NONE / PARAIPABA,2023-11,2
NONE / PARAIPABA,2023-12,4
NONE / PARAIPABA,2024-02,4
NONE / PARAIPABA,2024-03,2
NONE / PARAIPABA,2024-04,1
NONE / PARAIPABA,2024-06,1
NONE / PARAIPABA,2024-07,1
NONE / PARAIPABA,2024-10,2
NONE / PARAIPABA,2024-12,1
NONE / PARAIPABA,2025-01,2
NONE / PARAIPABA,2025-03,1
NONE / PARAIPABA,2025-04,1
NONE / PARAIPABA,2025-05,1
NONE / PARAIPABA,2025-06,1
NONE / PARAIPABA,2025-08,3
NONE / PARAIPABA,2025-09,1
NONE / PARAIPABA,2025-10,2
NONE / PARAIPABA,2025-11,1
NONE / PARAIPABA,2025-12,1
NONE / PARAMBU,2022-08,1
NONE / PARAMBU,2022-09,1
NONE / PARAMBU,2023-03,1
NONE / PARAMBU,2023-04,1
NONE / PARAMBU,2023-08,2
NONE / PARAMBU,2024-04,1
NONE / PARAMBU,2024-05,1
NONE / PARAMBU,2024-07,1
NONE / PARAMBU,2025-02,1
NONE / PARAMBU,2025-05,2
NONE / PARAMBU,2025-10,2
NONE / PARAMOTI,2022-05,2
NONE / PARAMOTI,2022-06,1
NONE / PARAMOTI,2022-08,1
NONE / PARAMOTI,2022-10,1
NONE / PARAMOTI,2023-02,1
NONE / PARAMOTI,2023-03,1
NONE / PARAMOTI,2023-06,3
NONE / PARAMOTI,2023-08,1
NONE / PARAMOTI,2023-10,1
NONE / PARAMOTI,2023-11,1
NONE / PARAMOTI,2023-12,1
NONE / PARAMOTI,2024-01,2
NONE / PARAMOTI,2024-04,1
NONE / PARAMOTI,2024-06,1
NONE / PARAMOTI,2025-06,1
NONE / PARAMOTI,2025-11,1
NONE / PEDRA BRANCA,2022-01,1
NONE / PEDRA BRANCA,2022-05,1
NONE / PEDRA BRANCA,2022-07,1
NONE / PEDRA BRANCA,2022-09,4
NONE / PEDRA BRANCA,2022-10,2
NONE / PEDRA BRANCA,2022-11,3
NONE / PEDRA BRANCA,2022-12,2
NONE / PEDRA BRANCA,2023-02,1
NONE / PEDRA BRANCA,2023-05,2
NONE / PEDRA BRANCA,2023-08,2
NONE / PEDRA BRANCA,2023-09,1
NONE / PEDRA BRANCA,2023-10,1
NONE / PEDRA BRANCA,2023-11,2
NONE / PEDRA BRANCA,2024-01,3
NONE / PEDRA BRANCA,2024-02,2
NONE / PEDRA BRANCA,2024-05,2
NONE / PEDRA BRANCA,2024-06,1
NONE / PEDRA BRANCA,2024-08,1
NONE / PEDRA BRANCA,2024-09,3
NONE / PEDRA BRANCA,2024-10,2
NONE / PEDRA BRANCA,2024-11,2
NONE / PEDRA BRANCA,2024-12,3
NONE / PEDRA BRANCA,2025-02,2
NONE / PEDRA BRANCA,2025-03,1
NONE / PEDRA BRANCA,2025-04,1
NONE / PEDRA BRANCA,2025-09,1
NONE / PEDRA BRANCA,2025-10,1
NONE / PEDRA BRANCA,2025-11,3
NONE / PEDRA BRANCA,2025-12,1
NONE / PENAFORTE,2023-03,1
NONE / PENAFORTE,2023-12,1
NONE / PENAFORTE,2024-02,1
NONE / PENAFORTE,2024-04,1
NONE / PENAFORTE,2024-05,1
NONE / PENAFORTE,2024-08,1
NONE / PENTECOSTE,2022-01,3
NONE / PENTECOSTE,2022-02,1
NONE / PENTECOSTE,2022-03,1
NONE / PENTECOSTE,2022-04,2
NONE / PENTECOSTE,2022-05,1
NONE / PENTECOSTE,2022-08,1
NONE / PENTECOSTE,2022-09,3
NONE / PENTECOSTE,2022-11,1
NONE / PENTECOSTE,2022-12,1
NONE / PENTECOSTE,2023-01,2
NONE / PENTECOSTE,2023-02,1
NONE / PENTECOSTE,2023-03,1
NONE / PENTECOSTE,2023-04,6
NONE / PENTECOSTE,2023-05,1
NONE / PENTECOSTE,2023-07,3
NONE / PENTECOSTE,2023-08,4
NONE / PENTECOSTE,2023-09,2
NONE / PENTECOSTE,2023-10,1
NONE / PENTECOSTE,2024-01,1
NONE / PENTECOSTE,2024-02,1
NONE / PENTECOSTE,2024-03,3
NONE / PENTECOSTE,2024-04,1
NONE / PENTECOSTE,2024-05,5
NONE / PENTECOSTE,2024-06,4
NONE / PENTECOSTE,2024-08,1
NONE / PENTECOSTE,2024-09,1
NONE / PENTECOSTE,2024-10,2
NONE / PENTECOSTE,2024-11,4
NONE / PENTECOSTE,2024-12,2
NONE / PENTECOSTE,2025-01,3
NONE / PENTECOSTE,2025-02,1
NONE / PENTECOSTE,2025-03,2
NONE / PENTECOSTE,2025-05,2
NONE / PENTECOSTE,2025-07,5
NONE / PENTECOSTE,2025-09,1
NONE / PENTECOSTE,2025-10,3
NONE / PENTECOSTE,2025-12,1
NONE / PEREIRO,2022-06,1
NONE / PEREIRO,2023-02,1
NONE / PEREIRO,2023-04,1
NONE / PEREIRO,2023-06,1
NONE / PEREIRO,2023-09,1
NONE / PEREIRO,2024-01,2
NONE / PEREIRO,2024-03,1
NONE / PEREIRO,2024-06,1
NONE / PEREIRO,2025-02,2
NONE / PEREIRO,2025-10,1
NONE / PINDORETAMA,2022-01,1
NONE / PINDORETAMA,2022-02,1
NONE / PINDORETAMA,2022-03,3
NONE / PINDORETAMA,2022-07,3
NONE / PINDORETAMA,2022-08,1
NONE / PINDORETAMA,2022-10,1
NONE / PINDORETAMA,2022-11,1
NONE / PINDORETAMA,2023-03,1
NONE / PINDORETAMA,2023-05,1
NONE / PINDORETAMA,2023-08,2
NONE / PINDORETAMA,2023-10,3
NONE / PINDORETAMA,2023-11,2
NONE / PINDORETAMA,2024-01,1
NONE / PINDORETAMA,2024-02,2
NONE / PINDORETAMA,2024-06,1
NONE / PINDORETAMA,2024-07,1
NONE / PINDORETAMA,2025-02,3
NONE / PINDORETAMA,2025-03,1
NONE / PINDORETAMA,2025-04,1
NONE / PINDORETAMA,2025-05,2
NONE / PINDORETAMA,2025-08,1
NONE / PINDORETAMA,2025-09,3
NONE / PINDORETAMA,2025-10,2
NONE / PINDORETAMA,2025-12,1
NONE / PIQUET CARNEIRO,2022-04,1
NONE / PIQUET CARNEIRO,2023-02,1
NONE / PIQUET CARNEIRO,2023-04,1
NONE / PIQUET CARNEIRO,2023-08,1
NONE / PIQUET CARNEIRO,2024-02,1
NONE / PIQUET CARNEIRO,2024-06,1
NONE / PIQUET CARNEIRO,2025-05,1
NONE / PIQUET CARNEIRO,2025-07,1
NONE / PIQUET CARNEIRO,2025-08,2
NONE / PIQUET CARNEIRO,2025-12,1
NONE / PIRES FERREIRA,2023-10,1
NONE / PIRES FERREIRA,2024-04,1
NONE / PIRES FERREIRA,2025-11,1
NONE / PORANGA,2022-06,2
NONE / PORANGA,2022-08,1
NONE / PORANGA,2022-09,2
NONE / PORANGA,2022-11,1
NONE / PORANGA,2023-03,2
NONE / PORANGA,2023-05,1
NONE / PORANGA,2023-08,1
NONE / PORANGA,2023-11,1
NONE / PORANGA,2024-01,1
NONE / PORANGA,2024-02,1
NONE / PORANGA,2025-08,1
NONE / PORANGA,2025-11,1
NONE / PORTEIRAS,2022-03,1
NONE / PORTEIRAS,2022-09,1
NONE / PORTEIRAS,2023-08,1
NONE / PORTEIRAS,2024-05,1
NONE / PORTEIRAS,2024-06,1
NONE / PORTEIRAS,2025-04,1
NONE / POTENGI,2022-09,1
NONE / POTENGI,2024-08,1
NONE / POTENGI,2024-12,1
NONE / POTENGI,2025-07,1
NONE / POTENGI,2025-11,1
NONE / POTIRETAMA,2022-04,1
NONE / POTIRETAMA,2022-09,2
NONE / POTIRETAMA,2024-01,1
NONE / POTIRETAMA,2024-03,1
NONE / POTIRETAMA,2024-04,1
NONE / POTIRETAMA,2025-04,1
NONE / QUITERIANÓPOLIS,2022-04,1
NONE / QUITERIANÓPOLIS,2023-11,1
NONE / QUITERIANÓPOLIS,2024-06,1
NONE / QUITERIANÓPOLIS,2024-10,1
NONE / QUITERIANÓPOLIS,2025-01,2
NONE / QUITERIANÓPOLIS,2025-11,1
NONE / QUITERIANÓPOLIS,2025-12,2
NONE / QUIXADÁ,2022-01,3
NONE / QUIXADÁ,2022-02,1
NONE / QUIXADÁ,2022-03,5
NONE / QUIXADÁ,2022-04,2
NONE / QUIXADÁ,2022-05,3
NONE / QUIXADÁ,2022-06,5
NONE / QUIXADÁ,2022-07,1
NONE / QUIXADÁ,2022-08,3
NONE / QUIXADÁ,2022-09,1
NONE / QUIXADÁ,2022-10,3
NONE / QUIXADÁ,2022-11,1
NONE / QUIXADÁ,2022-12,4
NONE / QUIXADÁ,2023-01,1
NONE / QUIXADÁ,2023-02,3
NONE / QUIXADÁ,2023-03,4
NONE / QUIXADÁ,2023-04,5
NONE / QUIXADÁ,2023-05,5
NONE / QUIXADÁ,2023-06,6
NONE / QUIXADÁ,2023-07,5
NONE / QUIXADÁ,2023-08,1
NONE / QUIXADÁ,2023-09,7
NONE / QUIXADÁ,2023-10,3
NONE / QUIXADÁ,2023-11,2
NONE / QUIXADÁ,2024-01,4
NONE / QUIXADÁ,2024-02,1
NONE / QUIXADÁ,2024-03,4
NONE / QUIXADÁ,2024-04,5
NONE / QUIXADÁ,2024-05,2
NONE / QUIXADÁ,2024-06,2
NONE / QUIXADÁ,2024-07,2
NONE / QUIXADÁ,2024-08,2
NONE / QUIXADÁ,2024-10,4
NONE / QUIXADÁ,2024-11,1
NONE / QUIXADÁ,2024-12,1
NONE / QUIXADÁ,2025-03,1
NONE / QUIXADÁ,2025-04,3
NONE / QUIXADÁ,2025-05,6
NONE / QUIXADÁ,2025-06,1
NONE / QUIXADÁ,2025-07,10
NONE / QUIXADÁ,2025-08,2
NONE / QUIXADÁ,2025-09,5
NONE / QUIXADÁ,2025-10,3
NONE / QUIXADÁ,2025-11,7
NONE / QUIXADÁ,2025-12,6
NONE / QUIXELÔ,2022-02,1
NONE / QUIXELÔ,2022-10,1
NONE / QUIXELÔ,2023-02,1
NONE / QUIXELÔ,2023-06,1
NONE / QUIXELÔ,2024-03,1
NONE / QUIXELÔ,2025-03,1
NONE / QUIXELÔ,2025-08,1
NONE / QUIXELÔ,2025-09,1
NONE / QUIXERAMOBIM,2022-01,2
NONE / QUIXERAMOBIM,2022-05,1
NONE / QUIXERAMOBIM,2022-11,1
NONE / QUIXERAMOBIM,2022-12,1
NONE / QUIXERAMOBIM,2023-01,3
NONE / QUIXERAMOBIM,2023-09,1
NONE / QUIXERAMOBIM,2023-11,2
NONE / QUIXERAMOBIM,2024-04,1
NONE / QUIXERAMOBIM,2024-05,2
NONE / QUIXERAMOBIM,2024-07,3
NONE / QUIXERAMOBIM,2024-08,1
NONE / QUIXERAMOBIM,2024-11,1
NONE / QUIXERAMOBIM,2024-12,2
NONE / QUIXERAMOBIM,2025-03,1
NONE / QUIXERAMOBIM,2025-08,1
NONE / QUIXERAMOBIM,2025-09,1
NONE / QUIXERAMOBIM,2025-10,1
NONE / QUIXERAMOBIM,2025-12,1
NONE / QUIXERÉ,2022-01,3
NONE / QUIXERÉ,2022-02,2
NONE / QUIXERÉ,2022-03,1
NONE / QUIXERÉ,2022-04,1
NONE / QUIXERÉ,2022-05,2
NONE / QUIXERÉ,2022-07,2
NONE / QUIXERÉ,2022-09,1
NONE / QUIXERÉ,2022-10,3
NONE / QUIXERÉ,2022-12,1
NONE / QUIXERÉ,2023-01,1
NONE / QUIXERÉ,2023-04,1
NONE / QUIXERÉ,2023-05,1
NONE / QUIXERÉ,2023-08,1
NONE / QUIXERÉ,2023-09,1
NONE / QUIXERÉ,2023-12,4
NONE / QUIXERÉ,2024-05,1
NONE / QUIXERÉ,2024-07,1
NONE / QUIXERÉ,2024-08,1
NONE / QUIXERÉ,2024-10,3
NONE / QUIXERÉ,2024-11,2
NONE / QUIXERÉ,2024-12,1
NONE / QUIXERÉ,2025-03,1
NONE / QUIXERÉ,2025-07,2
NONE / QUIXERÉ,2025-09,1
NONE / REDENÇÃO,2022-01,2
NONE / REDENÇÃO,2022-03,1
NONE / REDENÇÃO,2022-04,1
NONE / REDENÇÃO,2022-05,1
NONE / REDENÇÃO,2022-06,1
NONE / REDENÇÃO,2022-09,1
NONE / REDENÇÃO,2023-07,1
NONE / REDENÇÃO,2023-08,1
NONE / REDENÇÃO,2023-09,1
NONE / REDENÇÃO,2024-01,3
NONE / REDENÇÃO,2024-06,1
NONE / REDENÇÃO,2024-11,1
NONE / REDENÇÃO,2025-01,1
NONE / RERIUTABA,2022-01,1
NONE / RERIUTABA,2022-09,1
NONE / RERIUTABA,2022-11,1
NONE / RERIUTABA,2023-06,1
NONE / RERIUTABA,2023-09,1
NONE / RERIUTABA,2024-08,2
NONE / RERIUTABA,2024-10,1
NONE / RERIUTABA,2024-11,1
NONE / RERIUTABA,2024-12,1
NONE / RERIUTABA,2025-03,1
NONE / RERIUTABA,2025-06,1
NONE / RERIUTABA,2025-12,1
NONE / RUSSAS,2022-01,6
NONE / RUSSAS,2022-02,2
NONE / RUSSAS,2022-03,1
NONE / RUSSAS,2022-04,3
NONE / RUSSAS,2022-05,3
NONE / RUSSAS,2022-06,3
NONE / RUSSAS,2022-07,2
NONE / RUSSAS,2022-08,2
NONE / RUSSAS,2022-09,7
NONE / RUSSAS,2022-10,1
NONE / RUSSAS,2022-12,1
NONE / RUSSAS,2023-01,3
NONE / RUSSAS,2023-02,1
NONE / RUSSAS,2023-03,3
NONE / RUSSAS,2023-04,4
NONE / RUSSAS,2023-05,2
NONE / RUSSAS,2023-06,3
NONE / RUSSAS,2023-07,1
NONE / RUSSAS,2023-08,1
NONE / RUSSAS,2023-09,3
NONE / RUSSAS,2023-10,5
NONE / RUSSAS,2024-01,3
NONE / RUSSAS,2024-02,1
NONE / RUSSAS,2024-04,2
NONE / RUSSAS,2024-05,2
NONE / RUSSAS,2024-06,3
NONE / RUSSAS,2024-08,1
NONE / RUSSAS,2024-09,1
NONE / RUSSAS,2024-11,3
NONE / RUSSAS,2024-12,3
NONE / RUSSAS,2025-01,2
NONE / RUSSAS,2025-02,2
NONE / RUSSAS,2025-03,4
NONE / RUSSAS,2025-04,1
NONE / RUSSAS,2025-05,4
NONE / RUSSAS,2025-06,6
NONE / RUSSAS,2025-07,1
NONE / RUSSAS,2025-08,1
NONE / RUSSAS,2025-09,2
NONE / RUSSAS,2025-10,3
NONE / RUSSAS,2025-11,3
NONE / RUSSAS,2026-01,2
NONE / SABOEIRO,2022-06,1
NONE / SABOEIRO,2023-05,1
NONE / SABOEIRO,2023-06,1
NONE / SABOEIRO,2023-10,2
NONE / SABOEIRO,2023-11,1
NONE / SABOEIRO,2024-01,2
NONE / SABOEIRO,2024-05,1
NONE / SABOEIRO,2024-06,1
NONE / SABOEIRO,2024-07,1
NONE / SABOEIRO,2024-09,1
NONE / SABOEIRO,2024-10,1
NONE / SABOEIRO,2025-10,2
NONE / SALITRE,2022-06,1
NONE / SALITRE,2022-08,1
NONE / SALITRE,2022-12,1
NONE / SALITRE,2023-01,1
NONE / SALITRE,2023-07,1
NONE / SALITRE,2023-10,1
NONE / SALITRE,2023-11,1
NONE / SALITRE,2024-04,1
NONE / SALITRE,2024-06,1
NONE / SALITRE,2024-08,1
NONE / SALITRE,2025-04,1
NONE / SALITRE,2025-05,1
NONE / SALITRE,2025-07,1
NONE / SALITRE,2025-08,1
NONE / SALITRE,2025-09,2
NONE / SALITRE,2025-10,2
NONE / SANTA QUITÉRIA,2022-02,1
NONE / SANTA QUITÉRIA,2022-09,2
NONE / SANTA QUITÉRIA,2022-11,1
NONE / SANTA QUITÉRIA,2023-01,1
NONE / SANTA QUITÉRIA,2023-03,1
NONE / SANTA QUITÉRIA,2023-11,3
NONE / SANTA QUITÉRIA,2023-12,1
NONE / SANTA QUITÉRIA,2024-03,1
NONE / SANTA QUITÉRIA,2024-04,2
NONE / SANTA QUITÉRIA,2024-05,1
NONE / SANTA QUITÉRIA,2024-06,2
NONE / SANTA QUITÉRIA,2024-08,1
NONE / SANTA QUITÉRIA,2024-10,1
NONE / SANTA QUITÉRIA,2025-02,1
NONE / SANTA QUITÉRIA,2025-07,3
NONE / SANTA QUITÉRIA,2025-08,2
NONE / SANTA QUITÉRIA,2025-09,3
NONE / SANTANA DO ACARAÚ,2022-01,1
NONE / SANTANA DO ACARAÚ,2022-02,1
NONE / SANTANA DO ACARAÚ,2022-05,1
NONE / SANTANA DO ACARAÚ,2023-02,1
NONE / SANTANA DO ACARAÚ,2023-03,1
NONE / SANTANA DO ACARAÚ,2023-08,1
NONE / SANTANA DO ACARAÚ,2024-11,1
NONE / SANTANA DO ACARAÚ,2024-12,2
NONE / SANTANA DO ACARAÚ,2025-01,2
NONE / SANTANA DO ACARAÚ,2025-02,1
NONE / SANTANA DO ACARAÚ,2025-03,1
NONE / SANTANA DO ACARAÚ,2025-07,1
NONE / SANTANA DO ACARAÚ,2025-08,1
NONE / SANTANA DO ACARAÚ,2025-11,1
NONE / SANTANA DO CARIRI,2023-01,1
NONE / SANTANA DO CARIRI,2025-03,1
NONE / SENADOR POMPEU,2022-01,1
NONE / SENADOR POMPEU,2022-02,1
NONE / SENADOR POMPEU,2022-06,1
NONE / SENADOR POMPEU,2022-11,1
NONE / SENADOR POMPEU,2022-12,1
NONE / SENADOR POMPEU,2023-06,1
NONE / SENADOR POMPEU,2023-07,1
NONE / SENADOR POMPEU,2023-08,1
NONE / SENADOR POMPEU,2023-09,1
NONE / SENADOR POMPEU,2023-10,2
NONE / SENADOR POMPEU,2023-11,2
NONE / SENADOR POMPEU,2023-12,2
NONE / SENADOR POMPEU,2024-03,1
NONE / SENADOR POMPEU,2024-06,2
NONE / SENADOR POMPEU,2024-08,4
NONE / SENADOR POMPEU,2024-10,2
NONE / SENADOR POMPEU,2024-11,1
NONE / SENADOR POMPEU,2024-12,1
NONE / SENADOR POMPEU,2025-01,1
NONE / SENADOR POMPEU,2025-04,2
NONE / SENADOR POMPEU,2025-05,1
NONE / SENADOR POMPEU,2025-10,1
NONE / SENADOR POMPEU,2025-11,1
NONE / SENADOR POMPEU,2025-12,3
NONE / SENADOR POMPEU,2026-01,1
NONE / SENADOR SÁ,2022-06,1
NONE / SENADOR SÁ,2022-09,1
NONE / SENADOR SÁ,2023-04,1
NONE / SENADOR SÁ,2024-01,1
NONE / SENADOR SÁ,2025-07,1
NONE / SOBRAL,2022-01,2
NONE / SOBRAL,2022-02,5
NONE / SOBRAL,2022-03,3
NONE / SOBRAL,2022-04,4
NONE / SOBRAL,2022-05,6
NONE / SOBRAL,2022-06,5
NONE / SOBRAL,2022-07,7
NONE / SOBRAL,2022-08,5
NONE / SOBRAL,2022-09,11
NONE / SOBRAL,2022-10,9
NONE / SOBRAL,2022-11,10
NONE / SOBRAL,2022-12,7
NONE / SOBRAL,2023-01,8
NONE / SOBRAL,2023-02,6
NONE / SOBRAL,2023-04,9
NONE / SOBRAL,2023-05,3
NONE / SOBRAL,2023-06,4
NONE / SOBRAL,2023-07,8
NONE / SOBRAL,2023-08,7
NONE / SOBRAL,2023-10,7
NONE / SOBRAL,2023-11,1
NONE / SOBRAL,2023-12,8
NONE / SOBRAL,2024-01,10
NONE / SOBRAL,2024-02,6
NONE / SOBRAL,2024-03,11
NONE / SOBRAL,2024-04,11
NONE / SOBRAL,2024-05,7
NONE / SOBRAL,2024-06,12
NONE / SOBRAL,2024-07,11
NONE / SOBRAL,2024-08,7
NONE / SOBRAL,2024-09,5
NONE / SOBRAL,2024-10,18
NONE / SOBRAL,2024-11,12
NONE / SOBRAL,2024-12,11
NONE / SOBRAL,2025-01,17
NONE / SOBRAL,2025-02,4
NONE / SOBRAL,2025-03,8
NONE / SOBRAL,2025-04,4
NONE / SOBRAL,2025-05,3
NONE / SOBRAL,2025-06,13
NONE / SOBRAL,2025-07,13
NONE / SOBRAL,2025-08,13
NONE / SOBRAL,2025-09,17
NONE / SOBRAL,2025-10,10
NONE / SOBRAL,2025-11,5
NONE / SOBRAL,2025-12,5
NONE / SOBRAL,2026-01,2
NONE / SOLONÓPOLE,2022-01,1
NONE / SOLONÓPOLE,2022-02,2
NONE / SOLONÓPOLE,2022-04,1
NONE / SOLONÓPOLE,2022-06,1
NONE / SOLONÓPOLE,2022-07,1
NONE / SOLONÓPOLE,2022-09,1
NONE / SOLONÓPOLE,2022-11,1
NONE / SOLONÓPOLE,2023-01,2
NONE / SOLONÓPOLE,2023-04,1
NONE / SOLONÓPOLE,2023-05,1
NONE / SOLONÓPOLE,2023-06,2
NONE / SOLONÓPOLE,2023-10,1
NONE / SOLONÓPOLE,2023-12,3
NONE / SOLONÓPOLE,2024-01,1
NONE / SOLONÓPOLE,2024-03,1
NONE / SOLONÓPOLE,2024-05,1
NONE / SOLONÓPOLE,2024-07,1
NONE / SOLONÓPOLE,2025-01,1
NONE / SOLONÓPOLE,2025-03,1
NONE / SOLONÓPOLE,2025-06,1
NONE / SOLONÓPOLE,2025-12,1
NONE / SOLONÓPOLE,2026-01,2
NONE / SÃO BENEDITO,2022-03,1
NONE / SÃO BENEDITO,2022-04,3
NONE / SÃO BENEDITO,2022-05,4
NONE / SÃO BENEDITO,2022-06,3
NONE / SÃO BENEDITO,2022-07,2
NONE / SÃO BENEDITO,2022-08,3
NONE / SÃO BENEDITO,2022-09,1
NONE / SÃO BENEDITO,2022-10,2
NONE / SÃO BENEDITO,2022-12,5
NONE / SÃO BENEDITO,2023-01,1
NONE / SÃO BENEDITO,2023-02,1
NONE / SÃO BENEDITO,2023-04,1
NONE / SÃO BENEDITO,2023-06,2
NONE / SÃO BENEDITO,2023-07,6
NONE / SÃO BENEDITO,2023-08,3
NONE / SÃO BENEDITO,2023-09,3
NONE / SÃO BENEDITO,2023-10,1
NONE / SÃO BENEDITO,2023-11,4
NONE / SÃO BENEDITO,2023-12,1
NONE / SÃO BENEDITO,2024-01,4
NONE / SÃO BENEDITO,2024-05,2
NONE / SÃO BENEDITO,2024-07,1
NONE / SÃO BENEDITO,2024-09,2
NONE / SÃO BENEDITO,2024-10,1
NONE / SÃO BENEDITO,2024-11,1
NONE / SÃO BENEDITO,2024-12,2
NONE / SÃO BENEDITO,2025-01,1
NONE / SÃO BENEDITO,2025-03,4
NONE / SÃO BENEDITO,2025-04,3
NONE / SÃO BENEDITO,2025-05,5
NONE / SÃO BENEDITO,2025-07,2
NONE / SÃO BENEDITO,2025-08,4
NONE / SÃO BENEDITO,2025-09,3
NONE / SÃO BENEDITO,2025-10,1
NONE / SÃO BENEDITO,2025-11,1
NONE / SÃO BENEDITO,2025-12,3
NONE / SÃO GONÇALO DO AMARANTE,2022-01,3
NONE / SÃO GONÇALO DO AMARANTE,2022-02,2
NONE / SÃO GONÇALO DO AMARANTE,2022-03,3
NONE / SÃO GONÇALO DO AMARANTE,2022-05,2
NONE / SÃO GONÇALO DO AMARANTE,2022-06,1
NONE / SÃO GONÇALO DO AMARANTE,2022-07,3
NONE / SÃO GONÇALO DO AMARANTE,2022-08,1
NONE / SÃO GONÇALO DO AMARANTE,2022-09,2
NONE / SÃO GONÇALO DO AMARANTE,2022-10,2
NONE / SÃO GONÇALO DO AMARANTE,2022-11,3
NONE / SÃO GONÇALO DO AMARANTE,2022-12,6
NONE / SÃO GONÇALO DO AMARANTE,2023-01,3
NONE / SÃO GONÇALO DO AMARANTE,2023-02,4
NONE / SÃO GONÇALO DO AMARANTE,2023-03,3
NONE / SÃO GONÇALO DO AMARANTE,2023-04,3
NONE / SÃO GONÇALO DO AMARANTE,2023-05,3
NONE / SÃO GONÇALO DO AMARANTE,2023-06,6
NONE / SÃO GONÇALO DO AMARANTE,2023-10,1
NONE / SÃO GONÇALO DO AMARANTE,2023-11,3
NONE / SÃO GONÇALO DO AMARANTE,2023-12,8
NONE / SÃO GONÇALO DO AMARANTE,2024-01,2
NONE / SÃO GONÇALO DO AMARANTE,2024-02,1
NONE / SÃO GONÇALO DO AMARANTE,2024-03,4
NONE / SÃO GONÇALO DO AMARANTE,2024-04,2
NONE / SÃO GONÇALO DO AMARANTE,2024-05,1
NONE / SÃO GONÇALO DO AMARANTE,2024-06,5
NONE / SÃO GONÇALO DO AMARANTE,2024-07,6
NONE / SÃO GONÇALO DO AMARANTE,2024-08,4
NONE / SÃO GONÇALO DO AMARANTE,2024-09,3
NONE / SÃO GONÇALO DO AMARANTE,2024-10,5
NONE / SÃO GONÇALO DO AMARANTE,2024-11,3
NONE / SÃO GONÇALO DO AMARANTE,2024-12,1
NONE / SÃO GONÇALO DO AMARANTE,2025-01,7
NONE / SÃO GONÇALO DO AMARANTE,2025-02,3
NONE / SÃO GONÇALO DO AMARANTE,2025-03,3
NONE / SÃO GONÇALO DO AMARANTE,2025-06,2
NONE / SÃO GONÇALO DO AMARANTE,2025-07,1
NONE / SÃO GONÇALO DO AMARANTE,2025-08,2
NONE / SÃO GONÇALO DO AMARANTE,2025-09,1
NONE / SÃO GONÇALO DO AMARANTE,2025-10,4
NONE / SÃO GONÇALO DO AMARANTE,2025-11,3
NONE / SÃO GONÇALO DO AMARANTE,2025-12,1
NONE / SÃO JOÃO DO JAGUARIBE,2022-01,2
NONE / SÃO JOÃO DO JAGUARIBE,2022-08,2
NONE / SÃO JOÃO DO JAGUARIBE,2022-09,1
NONE / SÃO JOÃO DO JAGUARIBE,2022-11,4
NONE / SÃO JOÃO DO JAGUARIBE,2023-01,7
NONE / SÃO JOÃO DO JAGUARIBE,2023-03,1
NONE / SÃO JOÃO DO JAGUARIBE,2023-07,1
NONE / SÃO JOÃO DO JAGUARIBE,2023-08,2
NONE / SÃO JOÃO DO JAGUARIBE,2023-11,1
NONE / SÃO JOÃO DO JAGUARIBE,2024-09,1
NONE / SÃO JOÃO DO JAGUARIBE,2025-01,2
NONE / SÃO JOÃO DO JAGUARIBE,2025-04,1
NONE / SÃO JOÃO DO JAGUARIBE,2025-07,1
NONE / SÃO LUÍS DO CURU,2022-02,3
NONE / SÃO LUÍS DO CURU,2022-03,2
NONE / SÃO LUÍS DO CURU,2022-10,2
NONE / SÃO LUÍS DO CURU,2023-07,2
NONE / SÃO LUÍS DO CURU,2023-08,3
NONE / SÃO LUÍS DO CURU,2023-09,1
NONE / SÃO LUÍS DO CURU,2023-10,1
NONE / SÃO LUÍS DO CURU,2023-11,1
NONE / SÃO LUÍS DO CURU,2023-12,1
NONE / SÃO LUÍS DO CURU,2024-03,1
NONE / SÃO LUÍS DO CURU,2024-05,1
NONE / SÃO LUÍS DO CURU,2024-10,3
NONE / SÃO LUÍS DO CURU,2025-03,1
NONE / SÃO LUÍS DO CURU,2025-04,4
NONE / SÃO LUÍS DO CURU,2025-08,1
NONE / TABULEIRO DO NORTE,2022-03,1
NONE / TABULEIRO DO NORTE,2022-04,3
NONE / TABULEIRO DO NORTE,2022-05,5
NONE / TABULEIRO DO NORTE,2022-07,1
NONE / TABULEIRO DO NORTE,2022-08,1
NONE / TABULEIRO DO NORTE,2022-09,1
NONE / TABULEIRO DO NORTE,2022-10,2
NONE / TABULEIRO DO NORTE,2022-11,2
NONE / TABULEIRO DO NORTE,2023-01,2
NONE / TABULEIRO DO NORTE,2023-02,1
NONE / TABULEIRO DO NORTE,2023-03,1
NONE / TABULEIRO DO NORTE,2023-04,2
NONE / TABULEIRO DO NORTE,2023-05,4
NONE / TABULEIRO DO NORTE,2023-08,1
NONE / TABULEIRO DO NORTE,2023-12,1
NONE / TABULEIRO DO NORTE,2024-01,1
NONE / TABULEIRO DO NORTE,2024-02,2
NONE / TABULEIRO DO NORTE,2024-04,2
NONE / TABULEIRO DO NORTE,2024-09,3
NONE / TABULEIRO DO NORTE,2024-10,1
NONE / TABULEIRO DO NORTE,2024-12,2
NONE / TABULEIRO DO NORTE,2025-06,1
NONE / TABULEIRO DO NORTE,2025-07,1
NONE / TABULEIRO DO NORTE,2025-08,1
NONE / TABULEIRO DO NORTE,2025-11,1
NONE / TABULEIRO DO NORTE,2025-12,3
NONE / TABULEIRO DO NORTE,2026-01,1
NONE / TAMBORIL,2022-02,4
NONE / TAMBORIL,2022-03,1
NONE / TAMBORIL,2022-04,6
NONE / TAMBORIL,2022-05,3
NONE / TAMBORIL,2022-07,1
NONE / TAMBORIL,2022-08,1
NONE / TAMBORIL,2022-09,2
NONE / TAMBORIL,2023-04,1
NONE / TAMBORIL,2023-08,1
NONE / TAMBORIL,2024-06,1
NONE / TAMBORIL,2024-08,1
NONE / TAMBORIL,2024-09,1
NONE / TAMBORIL,2025-01,1
NONE / TAMBORIL,2025-05,1
NONE / TAMBORIL,2025-07,2
NONE / TARRAFAS,2022-04,2
NONE / TARRAFAS,2023-05,1
NONE / TARRAFAS,2024-08,1
NONE / TARRAFAS,2025-12,1
NONE / TAUÁ,2022-02,1
NONE / TAUÁ,2022-06,1
NONE / TAUÁ,2023-03,2
NONE / TAUÁ,2023-06,1
NONE / TAUÁ,2023-07,1
NONE / TAUÁ,2023-09,1
NONE / TAUÁ,2023-10,1
NONE / TAUÁ,2023-12,1
NONE / TAUÁ,2024-01,2
NONE / TAUÁ,2024-09,2
NONE / TAUÁ,2024-10,4
NONE / TAUÁ,2024-11,4
NONE / TAUÁ,2024-12,3
NONE / TAUÁ,2025-01,2
NONE / TAUÁ,2025-02,1
NONE / TAUÁ,2025-03,6
NONE / TAUÁ,2025-04,1
NONE / TAUÁ,2025-05,1
NONE / TAUÁ,2025-06,4
NONE / TAUÁ,2025-08,1
NONE / TAUÁ,2025-10,4
NONE / TAUÁ,2026-01,3
NONE / TEJUÇUOCA,2022-02,3
NONE / TEJUÇUOCA,2022-03,1
NONE / TEJUÇUOCA,2022-04,2
NONE / TEJUÇUOCA,2022-06,1
NONE / TEJUÇUOCA,2022-11,2
NONE / TEJUÇUOCA,2023-01,1
NONE / TEJUÇUOCA,2023-03,1
NONE / TEJUÇUOCA,2023-05,1
NONE / TEJUÇUOCA,2023-07,1
NONE / TEJUÇUOCA,2024-01,1
NONE / TEJUÇUOCA,2024-02,3
NONE / TEJUÇUOCA,2024-03,1
NONE / TEJUÇUOCA,2024-05,5
NONE / TEJUÇUOCA,2024-06,1
NONE / TEJUÇUOCA,2024-07,1
NONE / TEJUÇUOCA,2024-10,2
NONE / TEJUÇUOCA,2024-11,1
NONE / TEJUÇUOCA,2024-12,1
NONE / TEJUÇUOCA,2025-01,1
NONE / TEJUÇUOCA,2025-03,1
NONE / TEJUÇUOCA,2025-06,1
NONE / TEJUÇUOCA,2025-07,2
NONE / TEJUÇUOCA,2025-10,1
NONE / TEJUÇUOCA,2025-11,2
NONE / TEJUÇUOCA,2025-12,1
NONE / TEJUÇUOCA,2026-01,1
NONE / TIANGUÁ,2022-01,7
NONE / TIANGUÁ,2022-02,3
NONE / TIANGUÁ,2022-03,4
NONE / TIANGUÁ,2022-04,3
NONE / TIANGUÁ,2022-05,2
NONE / TIANGUÁ,2022-06,1
NONE / TIANGUÁ,2022-07,9
NONE / TIANGUÁ,2022-08,5
NONE / TIANGUÁ,2022-09,6
NONE / TIANGUÁ,2022-10,3
NONE / TIANGUÁ,2022-11,1
NONE / TIANGUÁ,2022-12,5
NONE / TIANGUÁ,2023-01,2
NONE / TIANGUÁ,2023-02,2
NONE / TIANGUÁ,2023-03,4
NONE / TIANGUÁ,2023-04,1
NONE / TIANGUÁ,2023-05,2
NONE / TIANGUÁ,2023-06,2
NONE / TIANGUÁ,2023-07,3
NONE / TIANGUÁ,2023-08,3
NONE / TIANGUÁ,2023-09,1
NONE / TIANGUÁ,2023-10,2
NONE / TIANGUÁ,2023-11,1
NONE / TIANGUÁ,2023-12,1
NONE / TIANGUÁ,2024-01,1
NONE / TIANGUÁ,2024-02,1
NONE / TIANGUÁ,2024-03,2
NONE / TIANGUÁ,2024-04,5
NONE / TIANGUÁ,2024-05,1
NONE / TIANGUÁ,2024-06,2
NONE / TIANGUÁ,2024-07,3
NONE / TIANGUÁ,2024-08,2
NONE / TIANGUÁ,2024-09,3
NONE / TIANGUÁ,2024-10,6
NONE / TIANGUÁ,2024-11,2
NONE / TIANGUÁ,2024-12,4
NONE / TIANGUÁ,2025-01,2
NONE / TIANGUÁ,2025-03,1
NONE / TIANGUÁ,2025-04,3
NONE / TIANGUÁ,2025-05,5
NONE / TIANGUÁ,2025-07,2
NONE / TIANGUÁ,2025-08,2
NONE / TIANGUÁ,2025-09,2
NONE / TIANGUÁ,2025-10,2
NONE / TIANGUÁ,2025-12,5
NONE / TIANGUÁ,2026-01,1
NONE / TRAIRI,2022-01,1
NONE / TRAIRI,2022-02,2
NONE / TRAIRI,2022-03,3
NONE / TRAIRI,2022-04,3
NONE / TRAIRI,2022-05,7
NONE / TRAIRI,2022-06,4
NONE / TRAIRI,2022-07,2
NONE / TRAIRI,2022-08,7
NONE / TRAIRI,2022-09,1
NONE / TRAIRI,2022-10,2
NONE / TRAIRI,2022-11,2
NONE / TRAIRI,2022-12,7
NONE / TRAIRI,2023-01,2
NONE / TRAIRI,2023-02,2
NONE / TRAIRI,2023-03,3
NONE / TRAIRI,2023-04,3
NONE / TRAIRI,2023-05,4
NONE / TRAIRI,2023-06,5
NONE / TRAIRI,2023-07,3
NONE / TRAIRI,2023-08,6
NONE / TRAIRI,2023-09,3
NONE / TRAIRI,2023-10,4
NONE / TRAIRI,2023-11,5
NONE / TRAIRI,2023-12,2
NONE / TRAIRI,2024-01,2
NONE / TRAIRI,2024-02,1
NONE / TRAIRI,2024-03,1
NONE / TRAIRI,2024-04,4
NONE / TRAIRI,2024-05,1
NONE / TRAIRI,2024-06,2
NONE / TRAIRI,2024-07,1
NONE / TRAIRI,2024-08,2
NONE / TRAIRI,2024-09,1
NONE / TRAIRI,2024-10,1
NONE / TRAIRI,2024-11,2
NONE / TRAIRI,2024-12,2
NONE / TRAIRI,2025-01,3
NONE / TRAIRI,2025-02,3
NONE / TRAIRI,2025-03,2
NONE / TRAIRI,2025-04,1
NONE / TRAIRI,2025-05,2
NONE / TRAIRI,2025-06,7
NONE / TRAIRI,2025-07,1
NONE / TRAIRI,2025-08,1
NONE / TRAIRI,2025-09,3
NONE / TRAIRI,2025-10,1
NONE / TRAIRI,2025-11,3
NONE / TRAIRI,2025-12,8
NONE / TRAIRI,2026-01,2
NONE / TURURU,2022-01,2
NONE / TURURU,2022-05,1
NONE / TURURU,2022-06,1
NONE / TURURU,2022-07,1
NONE / TURURU,2022-08,1
NONE / TURURU,2022-10,1
NONE / TURURU,2022-11,1
NONE / TURURU,2023-03,1
NONE / TURURU,2023-04,1
NONE / TURURU,2023-05,1
NONE / TURURU,2023-08,1
NONE / TURURU,2023-09,1
NONE / TURURU,2024-01,2
NONE / TURURU,2024-03,1
NONE / TURURU,2024-05,1
NONE / TURURU,2024-09,1
NONE / TURURU,2024-12,1
NONE / TURURU,2025-02,1
NONE / TURURU,2025-03,1
NONE / TURURU,2025-09,1
NONE / TURURU,2025-10,1
NONE / TURURU,2025-11,1
NONE / UBAJARA,2022-02,2
NONE / UBAJARA,2022-05,2
NONE / UBAJARA,2022-07,3
NONE / UBAJARA,2022-08,1
NONE / UBAJARA,2022-10,2
NONE / UBAJARA,2023-02,1
NONE / UBAJARA,2023-04,2
NONE / UBAJARA,2023-05,1
NONE / UBAJARA,2023-06,1
NONE / UBAJARA,2023-07,2
NONE / UBAJARA,2023-08,2
NONE / UBAJARA,2023-09,1
NONE / UBAJARA,2023-10,1
NONE / UBAJARA,2023-12,1
NONE / UBAJARA,2024-01,2
NONE / UBAJARA,2024-02,2
NONE / UBAJARA,2024-04,4
NONE / UBAJARA,2024-06,1
NONE / UBAJARA,2024-07,2
NONE / UBAJARA,2024-11,2
NONE / UBAJARA,2024-12,5
NONE / UBAJARA,2025-01,1
NONE / UBAJARA,2025-02,1
NONE / UBAJARA,2025-07,1
NONE / UBAJARA,2025-08,1
NONE / UBAJARA,2025-10,1
NONE / UMARI,2022-03,1
NONE / UMARI,2023-04,1
NONE / UMIRIM,2022-01,1
NONE / UMIRIM,2022-02,1
NONE / UMIRIM,2022-06,1
NONE / UMIRIM,2022-11,1
NONE / UMIRIM,2022-12,1
NONE / UMIRIM,2023-01,1
NONE / UMIRIM,2023-02,1
NONE / UMIRIM,2023-06,2
NONE / UMIRIM,2023-08,1
NONE / UMIRIM,2024-06,1
NONE / UMIRIM,2024-08,2
NONE / UMIRIM,2024-11,2
NONE / UMIRIM,2024-12,1
NONE / UMIRIM,2025-02,1
NONE / UMIRIM,2025-04,1
NONE / UMIRIM,2025-07,2
NONE / UMIRIM,2025-12,1
NONE / UMIRIM,2026-01,1
NONE / URUBURETAMA,2022-01,1
NONE / URUBURETAMA,2022-07,2
NONE / URUBURETAMA,2022-09,1
NONE / URUBURETAMA,2022-10,1
NONE / URUBURETAMA,2023-07,1
NONE / URUBURETAMA,2024-02,1
NONE / URUBURETAMA,2024-03,1
NONE / URUBURETAMA,2024-04,3
NONE / URUBURETAMA,2024-07,1
NONE / URUBURETAMA,2024-11,2
NONE / URUBURETAMA,2024-12,2
NONE / URUBURETAMA,2025-01,6
NONE / URUBURETAMA,2025-03,1
NONE / URUBURETAMA,2025-07,1
NONE / URUBURETAMA,2025-11,2
NONE / URUOCA,2022-02,1
NONE / URUOCA,2022-05,1
NONE / URUOCA,2022-08,1
NONE / URUOCA,2023-09,1
NONE / URUOCA,2024-10,1
NONE / URUOCA,2025-02,1
NONE / URUOCA,2025-03,1
NONE / URUOCA,2025-11,1
NONE / URUOCA,2026-01,1
NONE / VARJOTA,2022-01,2
NONE / VARJOTA,2022-03,1
NONE / VARJOTA,2022-05,2
NONE / VARJOTA,2022-07,2
NONE / VARJOTA,2022-08,1
NONE / VARJOTA,2023-02,1
NONE / VARJOTA,2023-07,1
NONE / VARJOTA,2023-08,1
NONE / VARJOTA,2023-09,1
NONE / VARJOTA,2023-10,3
NONE / VARJOTA,2023-11,1
NONE / VARJOTA,2023-12,3
NONE / VARJOTA,2024-04,1
NONE / VARJOTA,2024-05,1
NONE / VARJOTA,2024-06,3
NONE / VARJOTA,2024-07,1
NONE / VARJOTA,2024-10,3
NONE / VARJOTA,2024-11,2
NONE / VARJOTA,2025-01,1
NONE / VARJOTA,2025-02,1
NONE / VARJOTA,2025-03,2
NONE / VARJOTA,2025-04,1
NONE / VARJOTA,2025-05,2
NONE / VARJOTA,2025-06,1
NONE / VARJOTA,2025-07,1
NONE / VARJOTA,2025-08,3
NONE / VARJOTA,2025-09,1
NONE / VARJOTA,2025-10,2
NONE / VARJOTA,2025-11,4
NONE / VARJOTA,2025-12,8
NONE / VIÇOSA DO CEARÁ,2022-02,1
NONE / VIÇOSA DO CEARÁ,2022-04,3
NONE / VIÇOSA DO CEARÁ,2022-05,1
NONE / VIÇOSA DO CEARÁ,2022-08,1
NONE / VIÇOSA DO CEARÁ,2022-09,2
NONE / VIÇOSA DO CEARÁ,2022-10,2
NONE / VIÇOSA DO CEARÁ,2022-12,1
NONE / VIÇOSA DO CEARÁ,2023-01,1
NONE / VIÇOSA DO CEARÁ,2023-02,3
NONE / VIÇOSA DO CEARÁ,2023-03,1
NONE / VIÇOSA DO CEARÁ,2023-04,2
NONE / VIÇOSA DO CEARÁ,2023-05,1
NONE / VIÇOSA DO CEARÁ,2023-06,2
NONE / VIÇOSA DO CEARÁ,2023-10,3
NONE / VIÇOSA DO CEARÁ,2023-11,2
NONE / VIÇOSA DO CEARÁ,2024-01,1
NONE / VIÇOSA DO CEARÁ,2024-02,2
NONE / VIÇOSA DO CEARÁ,2024-04,1
NONE / VIÇOSA DO CEARÁ,2024-06,9
NONE / VIÇOSA DO CEARÁ,2024-08,1
NONE / VIÇOSA DO CEARÁ,2024-11,3
NONE / VIÇOSA DO CEARÁ,2024-12,1
NONE / VIÇOSA DO CEARÁ,2025-04,3
NONE / VIÇOSA DO CEARÁ,2025-06,1
NONE / VIÇOSA DO CEARÁ,2025-07,1
NONE / VIÇOSA DO CEARÁ,2025-09,1
NONE / VIÇOSA DO CEARÁ,2025-10,1
NONE / VIÇOSA DO CEARÁ,2025-11,1
NONE / VIÇOSA DO CEARÁ,2025-12,2
NONE / VÁRZEA ALEGRE,2022-09,2
NONE / VÁRZEA ALEGRE,2022-12,1
NONE / VÁRZEA ALEGRE,2023-01,1
NONE / VÁRZEA ALEGRE,2023-07,1
NONE / VÁRZEA ALEGRE,2024-01,1
NONE / VÁRZEA ALEGRE,2024-03,1
NONE / VÁRZEA ALEGRE,2024-06,2
NONE / VÁRZEA ALEGRE,2024-07,1
NONE / VÁRZEA ALEGRE,2024-12,1
NONE / VÁRZEA ALEGRE,2025-06,1
NONE / VÁRZEA ALEGRE,2025-12,3
