cidade,bairro,weekday,mean_count,index,proportion
Fortaleza,AEROLÂNDIA,Domingo,6.0,1.4285714285714286,0.2857142857142857
Fortaleza,AEROLÂNDIA,Quarta-feira,5.0,1.1904761904761905,0.23809523809523808
Fortaleza,AEROLÂNDIA,Segunda-feira,4.0,0.9523809523809523,0.19047619047619047
Fortaleza,AEROLÂNDIA,Sexta-feira,3.0,0.7142857142857143,0.14285714285714285
Fortaleza,AEROLÂNDIA,Terça-feira,3.0,0.7142857142857143,0.14285714285714285
Fortaleza,AEROPORTO,Domingo,2.0,0.8571428571428571,0.14285714285714285
Fortaleza,AEROPORTO,Quarta-feira,2.0,0.8571428571428571,0.14285714285714285
Fortaleza,AEROPORTO,Quinta-feira,3.0,1.2857142857142856,0.21428571428571427
Fortaleza,AEROPORTO,Segunda-feira,1.0,0.42857142857142855,0.07142857142857142
Fortaleza,AEROPORTO,Sexta-feira,4.0,1.7142857142857142,0.2857142857142857
Fortaleza,AEROPORTO,Terça-feira,2.0,0.8571428571428571,0.14285714285714285
Fortaleza,ALDEOTA,Quarta-feira,3.0,1.25,0.25
Fortaleza,ALDEOTA,Quinta-feira,2.0,0.8333333333333334,0.16666666666666666
Fortaleza,ALDEOTA,Segunda-feira,3.0,1.25,0.25
Fortaleza,ALDEOTA,Sábado,2.0,0.8333333333333334,0.16666666666666666
Fortaleza,ALDEOTA,Terça-feira,2.0,0.8333333333333334,0.16666666666666666
Fortaleza,ALTO DA BALANÇA,Domingo,5.0,1.7857142857142858,0.35714285714285715
Fortaleza,ALTO DA BALANÇA,Quarta-feira,4.0,1.4285714285714286,0.2857142857142857
Fortaleza,ALTO DA BALANÇA,Sexta-feira,3.0,1.0714285714285714,0.21428571428571427
Fortaleza,ALTO DA BALANÇA,Sábado,1.0,0.35714285714285715,0.07142857142857142
Fortaleza,ALTO DA BALANÇA,Terça-feira,1.0,0.35714285714285715,0.07142857142857142
Fortaleza,AMADEU FURTADO,Domingo,3.0,2.25,0.375
Fortaleza,AMADEU FURTADO,Quarta-feira,1.0,0.75,0.125
Fortaleza,AMADEU FURTADO,Quinta-feira,1.0,0.75,0.125
Fortaleza,AMADEU FURTADO,Segunda-feira,1.0,0.75,0.125
Fortaleza,AMADEU FURTADO,Sexta-feira,1.0,0.75,0.125
Fortaleza,AMADEU FURTADO,Sábado,1.0,0.75,0.125
Fortaleza,ANCURI,Domingo,2.0,1.0769230769230769,0.15384615384615385
Fortaleza,ANCURI,Quarta-feira,3.0,1.6153846153846154,0.23076923076923078
Fortaleza,ANCURI,Quinta-feira,2.0,1.0769230769230769,0.15384615384615385
Fortaleza,ANCURI,Segunda-feira,2.0,1.0769230769230769,0.15384615384615385
Fortaleza,ANCURI,Sexta-feira,2.0,1.0769230769230769,0.15384615384615385
Fortaleza,ANCURI,Sábado,1.0,0.5384615384615384,0.07692307692307693
Fortaleza,ANCURI,Terça-feira,1.0,0.5384615384615384,0.07692307692307693
Fortaleza,ANTÔNIO BEZERRA,Domingo,7.0,1.1666666666666667,0.16666666666666666
Fortaleza,ANTÔNIO BEZERRA,Quarta-feira,6.0,1.0,0.14285714285714285
Fortaleza,ANTÔNIO BEZERRA,Quinta-feira,7.0,1.1666666666666667,0.16666666666666666
Fortaleza,ANTÔNIO BEZERRA,Segunda-feira,3.0,0.5,0.07142857142857142
Fortaleza,ANTÔNIO BEZERRA,Sexta-feira,5.0,0.8333333333333334,0.11904761904761904
Fortaleza,ANTÔNIO BEZERRA,Sábado,7.0,1.1666666666666667,0.16666666666666666
Fortaleza,ANTÔNIO BEZERRA,Terça-feira,7.0,1.1666666666666667,0.16666666666666666
Fortaleza,ARACAPÉ,Domingo,4.0,1.2727272727272727,0.18181818181818182
Fortaleza,ARACAPÉ,Quarta-feira,2.0,0.6363636363636364,0.09090909090909091
Fortaleza,ARACAPÉ,Quinta-feira,3.0,0.9545454545454546,0.13636363636363635
Fortaleza,ARACAPÉ,Segunda-feira,3.0,0.9545454545454546,0.13636363636363635
Fortaleza,ARACAPÉ,Sexta-feira,4.0,1.2727272727272727,0.18181818181818182
Fortaleza,ARACAPÉ,Sábado,4.0,1.2727272727272727,0.18181818181818182
Fortaleza,ARACAPÉ,Terça-feira,2.0,0.6363636363636364,0.09090909090909091
Fortaleza,AUTRAN NUNES,Domingo,1.0,0.5454545454545455,0.09090909090909091
Fortaleza,AUTRAN NUNES,Quarta-feira,2.0,1.090909090909091,0.18181818181818182
Fortaleza,AUTRAN NUNES,Segunda-feira,2.0,1.090909090909091,0.18181818181818182
Fortaleza,AUTRAN NUNES,Sexta-feira,1.0,0.5454545454545455,0.09090909090909091
Fortaleza,AUTRAN NUNES,Sábado,3.0,1.6363636363636365,0.2727272727272727
Fortaleza,AUTRAN NUNES,Terça-feira,2.0,1.090909090909091,0.18181818181818182
Fortaleza,BARRA DO CEARÁ,Domingo,26.0,1.3,0.18571428571428572
Fortaleza,BARRA DO CEARÁ,Quarta-feira,20.0,1.0,0.14285714285714285
Fortaleza,BARRA DO CEARÁ,Quinta-feira,18.0,0.9,0.12857142857142856
Fortaleza,BARRA DO CEARÁ,Segunda-feira,10.0,0.5,0.07142857142857142
Fortaleza,BARRA DO CEARÁ,Sexta-feira,19.0,0.95,0.1357142857142857
Fortaleza,BARRA DO CEARÁ,Sábado,26.0,1.3,0.18571428571428572
Fortaleza,BARRA DO CEARÁ,Terça-feira,21.0,1.05,0.15
Fortaleza,BARROSO,Domingo,14.0,1.4202898550724636,0.2028985507246377
Fortaleza,BARROSO,Quarta-feira,6.0,0.608695652173913,0.08695652173913043
Fortaleza,BARROSO,Quinta-feira,10.0,1.0144927536231882,0.14492753623188406
Fortaleza,BARROSO,Segunda-feira,5.0,0.5072463768115941,0.07246376811594203
Fortaleza,BARROSO,Sexta-feira,11.0,1.115942028985507,0.15942028985507245
Fortaleza,BARROSO,Sábado,11.0,1.115942028985507,0.15942028985507245
Fortaleza,BARROSO,Terça-feira,12.0,1.217391304347826,0.17391304347826086
Fortaleza,BELA VISTA,Quinta-feira,3.0,2.142857142857143,0.42857142857142855
Fortaleza,BELA VISTA,Segunda-feira,1.0,0.7142857142857143,0.14285714285714285
Fortaleza,BELA VISTA,Sexta-feira,1.0,0.7142857142857143,0.14285714285714285
Fortaleza,BELA VISTA,Sábado,1.0,0.7142857142857143,0.14285714285714285
Fortaleza,BELA VISTA,Terça-feira,1.0,0.7142857142857143,0.14285714285714285
Fortaleza,BENFICA,Domingo,2.0,1.1428571428571428,0.2857142857142857
Fortaleza,BENFICA,Quarta-feira,2.0,1.1428571428571428,0.2857142857142857
Fortaleza,BENFICA,Quinta-feira,1.0,0.5714285714285714,0.14285714285714285
Fortaleza,BENFICA,Sexta-feira,2.0,1.1428571428571428,0.2857142857142857
Fortaleza,BOA VISTA/CASTELÃO,Domingo,3.0,0.6774193548387096,0.0967741935483871
Fortaleza,BOA VISTA/CASTELÃO,Quarta-feira,9.0,2.032258064516129,0.2903225806451613
Fortaleza,BOA VISTA/CASTELÃO,Quinta-feira,3.0,0.6774193548387096,0.0967741935483871
Fortaleza,BOA VISTA/CASTELÃO,Segunda-feira,3.0,0.6774193548387096,0.0967741935483871
Fortaleza,BOA VISTA/CASTELÃO,Sexta-feira,4.0,0.9032258064516129,0.12903225806451613
Fortaleza,BOA VISTA/CASTELÃO,Sábado,4.0,0.9032258064516129,0.12903225806451613
Fortaleza,BOA VISTA/CASTELÃO,Terça-feira,5.0,1.129032258064516,0.16129032258064516
Fortaleza,BOM FUTURO,Quinta-feira,1.0,0.6666666666666666,0.3333333333333333
Fortaleza,BOM FUTURO,Sábado,2.0,1.3333333333333333,0.6666666666666666
Fortaleza,BOM JARDIM,Domingo,8.0,1.037037037037037,0.14814814814814814
Fortaleza,BOM JARDIM,Quarta-feira,5.0,0.6481481481481481,0.09259259259259259
Fortaleza,BOM JARDIM,Quinta-feira,3.0,0.3888888888888889,0.05555555555555555
Fortaleza,BOM JARDIM,Segunda-feira,5.0,0.6481481481481481,0.09259259259259259
Fortaleza,BOM JARDIM,Sexta-feira,11.0,1.4259259259259258,0.2037037037037037
Fortaleza,BOM JARDIM,Sábado,10.0,1.2962962962962963,0.18518518518518517
Fortaleza,BOM JARDIM,Terça-feira,12.0,1.5555555555555556,0.2222222222222222
Fortaleza,BONSUCESSO,Domingo,6.0,0.9130434782608696,0.13043478260869565
Fortaleza,BONSUCESSO,Quarta-feira,6.0,0.9130434782608696,0.13043478260869565
Fortaleza,BONSUCESSO,Quinta-feira,5.0,0.7608695652173914,0.10869565217391304
Fortaleza,BONSUCESSO,Segunda-feira,9.0,1.3695652173913044,0.1956521739130435
Fortaleza,BONSUCESSO,Sexta-feira,6.0,0.9130434782608696,0.13043478260869565
Fortaleza,BONSUCESSO,Sábado,5.0,0.7608695652173914,0.10869565217391304
Fortaleza,BONSUCESSO,Terça-feira,9.0,1.3695652173913044,0.1956521739130435
Fortaleza,CAIS DO PORTO,Domingo,10.0,2.173913043478261,0.43478260869565216
Fortaleza,CAIS DO PORTO,Quarta-feira,2.0,0.4347826086956522,0.08695652173913043
Fortaleza,CAIS DO PORTO,Segunda-feira,5.0,1.0869565217391306,0.21739130434782608
Fortaleza,CAIS DO PORTO,Sexta-feira,5.0,1.0869565217391306,0.21739130434782608
Fortaleza,CAIS DO PORTO,Sábado,1.0,0.2173913043478261,0.043478260869565216
Fortaleza,CAJAZEIRAS,Domingo,4.0,0.6857142857142857,0.11428571428571428
Fortaleza,CAJAZEIRAS,Quarta-feira,5.0,0.8571428571428572,0.14285714285714285
Fortaleza,CAJAZEIRAS,Quinta-feira,11.0,1.885714285714286,0.3142857142857143
Fortaleza,CAJAZEIRAS,Segunda-feira,5.0,0.8571428571428572,0.14285714285714285
Fortaleza,CAJAZEIRAS,Sexta-feira,4.0,0.6857142857142857,0.11428571428571428
Fortaleza,CAJAZEIRAS,Sábado,6.0,1.0285714285714287,0.17142857142857143
Fortaleza,CAMBEBA,Domingo,2.0,1.25,0.25
Fortaleza,CAMBEBA,Quarta-feira,1.0,0.625,0.125
Fortaleza,CAMBEBA,Quinta-feira,1.0,0.625,0.125
Fortaleza,CAMBEBA,Segunda-feira,2.0,1.25,0.25
Fortaleza,CAMBEBA,Sábado,2.0,1.25,0.25
Fortaleza,CANINDEZINHO,Domingo,6.0,0.9333333333333333,0.13333333333333333
Fortaleza,CANINDEZINHO,Quarta-feira,10.0,1.5555555555555556,0.2222222222222222
Fortaleza,CANINDEZINHO,Quinta-feira,6.0,0.9333333333333333,0.13333333333333333
Fortaleza,CANINDEZINHO,Segunda-feira,8.0,1.2444444444444445,0.17777777777777778
Fortaleza,CANINDEZINHO,Sexta-feira,8.0,1.2444444444444445,0.17777777777777778
Fortaleza,CANINDEZINHO,Sábado,3.0,0.4666666666666667,0.06666666666666667
Fortaleza,CANINDEZINHO,Terça-feira,4.0,0.6222222222222222,0.08888888888888889
Fortaleza,CARARU,Quinta-feira,1.0,1.0,1.0
Fortaleza,CARLITO PAMPLONA,Domingo,10.0,1.4,0.2
Fortaleza,CARLITO PAMPLONA,Quarta-feira,4.0,0.5599999999999999,0.08
Fortaleza,CARLITO PAMPLONA,Quinta-feira,7.0,0.98,0.14
Fortaleza,CARLITO PAMPLONA,Segunda-feira,7.0,0.98,0.14
Fortaleza,CARLITO PAMPLONA,Sexta-feira,4.0,0.5599999999999999,0.08
Fortaleza,CARLITO PAMPLONA,Sábado,5.0,0.7,0.1
Fortaleza,CARLITO PAMPLONA,Terça-feira,13.0,1.8199999999999998,0.26
Fortaleza,CENTRO,Domingo,3.0,0.5675675675675675,0.08108108108108109
Fortaleza,CENTRO,Quarta-feira,6.0,1.135135135135135,0.16216216216216217
Fortaleza,CENTRO,Quinta-feira,3.0,0.5675675675675675,0.08108108108108109
Fortaleza,CENTRO,Segunda-feira,5.0,0.9459459459459459,0.13513513513513514
Fortaleza,CENTRO,Sexta-feira,4.0,0.7567567567567568,0.10810810810810811
Fortaleza,CENTRO,Sábado,10.0,1.8918918918918919,0.2702702702702703
Fortaleza,CENTRO,Terça-feira,6.0,1.135135135135135,0.16216216216216217
Fortaleza,CIDADE 2000,Domingo,2.0,1.6,0.4
Fortaleza,CIDADE 2000,Quarta-feira,1.0,0.8,0.2
Fortaleza,CIDADE 2000,Quinta-feira,1.0,0.8,0.2
Fortaleza,CIDADE 2000,Segunda-feira,1.0,0.8,0.2
Fortaleza,CIDADE DOS FUNCIONÁRIOS,Domingo,3.0,0.72,0.12
Fortaleza,CIDADE DOS FUNCIONÁRIOS,Quarta-feira,7.0,1.68,0.28
Fortaleza,CIDADE DOS FUNCIONÁRIOS,Quinta-feira,4.0,0.96,0.16
Fortaleza,CIDADE DOS FUNCIONÁRIOS,Segunda-feira,4.0,0.96,0.16
Fortaleza,CIDADE DOS FUNCIONÁRIOS,Sexta-feira,5.0,1.2,0.2
Fortaleza,CIDADE DOS FUNCIONÁRIOS,Sábado,2.0,0.48,0.08
Fortaleza,COAÇU,Domingo,2.0,0.7692307692307692,0.15384615384615385
Fortaleza,COAÇU,Quinta-feira,2.0,0.7692307692307692,0.15384615384615385
Fortaleza,COAÇU,Sexta-feira,1.0,0.3846153846153846,0.07692307692307693
Fortaleza,COAÇU,Sábado,5.0,1.923076923076923,0.38461538461538464
Fortaleza,COAÇU,Terça-feira,3.0,1.1538461538461537,0.23076923076923078
Fortaleza,COCÓ,Domingo,1.0,0.6,0.2
Fortaleza,COCÓ,Quarta-feira,1.0,0.6,0.2
Fortaleza,COCÓ,Terça-feira,3.0,1.7999999999999998,0.6
Fortaleza,CONJUNTO CEARÁ I,Domingo,2.0,1.2727272727272727,0.18181818181818182
Fortaleza,CONJUNTO CEARÁ I,Quarta-feira,2.0,1.2727272727272727,0.18181818181818182
Fortaleza,CONJUNTO CEARÁ I,Quinta-feira,1.0,0.6363636363636364,0.09090909090909091
Fortaleza,CONJUNTO CEARÁ I,Segunda-feira,1.0,0.6363636363636364,0.09090909090909091
Fortaleza,CONJUNTO CEARÁ I,Sexta-feira,2.0,1.2727272727272727,0.18181818181818182
Fortaleza,CONJUNTO CEARÁ I,Sábado,1.0,0.6363636363636364,0.09090909090909091
Fortaleza,CONJUNTO CEARÁ I,Terça-feira,2.0,1.2727272727272727,0.18181818181818182
Fortaleza,CONJUNTO CEARÁ II,Domingo,1.0,0.46153846153846156,0.07692307692307693
Fortaleza,CONJUNTO CEARÁ II,Quarta-feira,3.0,1.3846153846153848,0.23076923076923078
Fortaleza,CONJUNTO CEARÁ II,Quinta-feira,4.0,1.8461538461538463,0.3076923076923077
Fortaleza,CONJUNTO CEARÁ II,Segunda-feira,1.0,0.46153846153846156,0.07692307692307693
Fortaleza,CONJUNTO CEARÁ II,Sexta-feira,2.0,0.9230769230769231,0.15384615384615385
Fortaleza,CONJUNTO CEARÁ II,Terça-feira,2.0,0.9230769230769231,0.15384615384615385
Fortaleza,CONJUNTO ESPERANÇA,Domingo,1.0,0.5384615384615384,0.07692307692307693
Fortaleza,CONJUNTO ESPERANÇA,Quarta-feira,1.0,0.5384615384615384,0.07692307692307693
Fortaleza,CONJUNTO ESPERANÇA,Quinta-feira,1.0,0.5384615384615384,0.07692307692307693
Fortaleza,CONJUNTO ESPERANÇA,Segunda-feira,3.0,1.6153846153846154,0.23076923076923078
Fortaleza,CONJUNTO ESPERANÇA,Sexta-feira,2.0,1.0769230769230769,0.15384615384615385
Fortaleza,CONJUNTO ESPERANÇA,Sábado,4.0,2.1538461538461537,0.3076923076923077
Fortaleza,CONJUNTO ESPERANÇA,Terça-feira,1.0,0.5384615384615384,0.07692307692307693
Fortaleza,CONJUNTO PALMEIRAS,Domingo,9.0,1.1666666666666667,0.16666666666666666
Fortaleza,CONJUNTO PALMEIRAS,Quarta-feira,6.0,0.7777777777777778,0.1111111111111111
Fortaleza,CONJUNTO PALMEIRAS,Quinta-feira,9.0,1.1666666666666667,0.16666666666666666
Fortaleza,CONJUNTO PALMEIRAS,Segunda-feira,8.0,1.037037037037037,0.14814814814814814
Fortaleza,CONJUNTO PALMEIRAS,Sexta-feira,11.0,1.4259259259259258,0.2037037037037037
Fortaleza,CONJUNTO PALMEIRAS,Sábado,6.0,0.7777777777777778,0.1111111111111111
Fortaleza,CONJUNTO PALMEIRAS,Terça-feira,5.0,0.6481481481481481,0.09259259259259259
Fortaleza,COUTO FERNANDES,Quarta-feira,2.0,1.0,0.3333333333333333
Fortaleza,COUTO FERNANDES,Sexta-feira,2.0,1.0,0.3333333333333333
Fortaleza,COUTO FERNANDES,Sábado,2.0,1.0,0.3333333333333333
Fortaleza,CRISTO REDENTOR,Domingo,10.0,1.1666666666666667,0.16666666666666666
Fortaleza,CRISTO REDENTOR,Quarta-feira,10.0,1.1666666666666667,0.16666666666666666
Fortaleza,CRISTO REDENTOR,Quinta-feira,5.0,0.5833333333333334,0.08333333333333333
Fortaleza,CRISTO REDENTOR,Segunda-feira,8.0,0.9333333333333333,0.13333333333333333
Fortaleza,CRISTO REDENTOR,Sexta-feira,8.0,0.9333333333333333,0.13333333333333333
Fortaleza,CRISTO REDENTOR,Sábado,10.0,1.1666666666666667,0.16666666666666666
Fortaleza,CRISTO REDENTOR,Terça-feira,9.0,1.05,0.15
Fortaleza,CURIÓ,Domingo,4.0,1.0,0.16666666666666666
Fortaleza,CURIÓ,Quarta-feira,5.0,1.25,0.20833333333333334
Fortaleza,CURIÓ,Quinta-feira,2.0,0.5,0.08333333333333333
Fortaleza,CURIÓ,Segunda-feira,1.0,0.25,0.041666666666666664
Fortaleza,CURIÓ,Sexta-feira,5.0,1.25,0.20833333333333334
Fortaleza,CURIÓ,Sábado,7.0,1.75,0.2916666666666667
Fortaleza,DAMAS,Quinta-feira,1.0,1.0,0.3333333333333333
Fortaleza,DAMAS,Segunda-feira,1.0,1.0,0.3333333333333333
Fortaleza,DAMAS,Terça-feira,1.0,1.0,0.3333333333333333
Fortaleza,DEMÓCRITO ROCHA,Domingo,3.0,1.2857142857142856,0.42857142857142855
Fortaleza,DEMÓCRITO ROCHA,Segunda-feira,2.0,0.8571428571428571,0.2857142857142857
Fortaleza,DEMÓCRITO ROCHA,Sexta-feira,2.0,0.8571428571428571,0.2857142857142857
Fortaleza,DIAS MACÊDO,Domingo,2.0,1.1666666666666667,0.16666666666666666
Fortaleza,DIAS MACÊDO,Quarta-feira,2.0,1.1666666666666667,0.16666666666666666
Fortaleza,DIAS MACÊDO,Quinta-feira,2.0,1.1666666666666667,0.16666666666666666
Fortaleza,DIAS MACÊDO,Segunda-feira,1.0,0.5833333333333334,0.08333333333333333
Fortaleza,DIAS MACÊDO,Sexta-feira,1.0,0.5833333333333334,0.08333333333333333
Fortaleza,DIAS MACÊDO,Sábado,1.0,0.5833333333333334,0.08333333333333333
Fortaleza,DIAS MACÊDO,Terça-feira,3.0,1.75,0.25
Fortaleza,DIONÍSIO TORRES,Quinta-feira,1.0,1.0,1.0
Fortaleza,DOM LUSTOSA,Domingo,4.0,1.8461538461538463,0.3076923076923077
Fortaleza,DOM LUSTOSA,Quarta-feira,1.0,0.46153846153846156,0.07692307692307693
Fortaleza,DOM LUSTOSA,Quinta-feira,2.0,0.9230769230769231,0.15384615384615385
Fortaleza,DOM LUSTOSA,Sexta-feira,2.0,0.9230769230769231,0.15384615384615385
Fortaleza,DOM LUSTOSA,Sábado,3.0,1.3846153846153848,0.23076923076923078
Fortaleza,DOM LUSTOSA,Terça-feira,1.0,0.46153846153846156,0.07692307692307693
Fortaleza,EDSON QUEIROZ,Domingo,8.0,1.3023255813953487,0.18604651162790697
Fortaleza,EDSON QUEIROZ,Quarta-feira,6.0,0.9767441860465116,0.13953488372093023
Fortaleza,EDSON QUEIROZ,Quinta-feira,5.0,0.813953488372093,0.11627906976744186
Fortaleza,EDSON QUEIROZ,Segunda-feira,8.0,1.3023255813953487,0.18604651162790697
Fortaleza,EDSON QUEIROZ,Sexta-feira,4.0,0.6511627906976744,0.09302325581395349
Fortaleza,EDSON QUEIROZ,Sábado,9.0,1.4651162790697674,0.20930232558139536
Fortaleza,EDSON QUEIROZ,Terça-feira,3.0,0.4883720930232558,0.06976744186046512
Fortaleza,ELLERY,Quarta-feira,1.0,1.0,0.5
Fortaleza,ELLERY,Segunda-feira,1.0,1.0,0.5
Fortaleza,ENGENHEIRO LUCIANO CAVALCANTE,Domingo,1.0,0.7,0.1
Fortaleza,ENGENHEIRO LUCIANO CAVALCANTE,Quarta-feira,2.0,1.4,0.2
Fortaleza,ENGENHEIRO LUCIANO CAVALCANTE,Quinta-feira,1.0,0.7,0.1
Fortaleza,ENGENHEIRO LUCIANO CAVALCANTE,Segunda-feira,2.0,1.4,0.2
Fortaleza,ENGENHEIRO LUCIANO CAVALCANTE,Sexta-feira,2.0,1.4,0.2
Fortaleza,ENGENHEIRO LUCIANO CAVALCANTE,Sábado,1.0,0.7,0.1
Fortaleza,ENGENHEIRO LUCIANO CAVALCANTE,Terça-feira,1.0,0.7,0.1
Fortaleza,FARIAS BRITO,Quarta-feira,1.0,0.6,0.1
Fortaleza,FARIAS BRITO,Quinta-feira,1.0,0.6,0.1
Fortaleza,FARIAS BRITO,Segunda-feira,1.0,0.6,0.1
Fortaleza,FARIAS BRITO,Sexta-feira,2.0,1.2,0.2
Fortaleza,FARIAS BRITO,Sábado,3.0,1.7999999999999998,0.3
Fortaleza,FARIAS BRITO,Terça-feira,2.0,1.2,0.2
Fortaleza,FLORESTA,Domingo,4.0,1.037037037037037,0.14814814814814814
Fortaleza,FLORESTA,Quarta-feira,7.0,1.8148148148148149,0.25925925925925924
Fortaleza,FLORESTA,Quinta-feira,3.0,0.7777777777777778,0.1111111111111111
Fortaleza,FLORESTA,Segunda-feira,2.0,0.5185185185185185,0.07407407407407407
Fortaleza,FLORESTA,Sexta-feira,5.0,1.2962962962962963,0.18518518518518517
Fortaleza,FLORESTA,Sábado,5.0,1.2962962962962963,0.18518518518518517
Fortaleza,FLORESTA,Terça-feira,1.0,0.25925925925925924,0.037037037037037035
Fortaleza,FÁTIMA,Domingo,4.0,1.6666666666666667,0.3333333333333333
Fortaleza,FÁTIMA,Quarta-feira,2.0,0.8333333333333334,0.16666666666666666
Fortaleza,FÁTIMA,Quinta-feira,3.0,1.25,0.25
Fortaleza,FÁTIMA,Segunda-feira,2.0,0.8333333333333334,0.16666666666666666
Fortaleza,FÁTIMA,Sábado,1.0,0.4166666666666667,0.08333333333333333
Fortaleza,GENIBAÚ,Domingo,5.0,1.206896551724138,0.1724137931034483
Fortaleza,GENIBAÚ,Quarta-feira,2.0,0.48275862068965514,0.06896551724137931
Fortaleza,GENIBAÚ,Quinta-feira,2.0,0.48275862068965514,0.06896551724137931
Fortaleza,GENIBAÚ,Segunda-feira,5.0,1.206896551724138,0.1724137931034483
Fortaleza,GENIBAÚ,Sexta-feira,3.0,0.7241379310344827,0.10344827586206896
Fortaleza,GENIBAÚ,Sábado,7.0,1.689655172413793,0.2413793103448276
Fortaleza,GENIBAÚ,Terça-feira,5.0,1.206896551724138,0.1724137931034483
Fortaleza,GRANJA LISBOA,Domingo,22.0,1.4259259259259258,0.2037037037037037
Fortaleza,GRANJA LISBOA,Quarta-feira,9.0,0.5833333333333334,0.08333333333333333
Fortaleza,GRANJA LISBOA,Quinta-feira,14.0,0.9074074074074074,0.12962962962962962
Fortaleza,GRANJA LISBOA,Segunda-feira,14.0,0.9074074074074074,0.12962962962962962
Fortaleza,GRANJA LISBOA,Sexta-feira,9.0,0.5833333333333334,0.08333333333333333
Fortaleza,GRANJA LISBOA,Sábado,27.0,1.75,0.25
Fortaleza,GRANJA LISBOA,Terça-feira,13.0,0.8425925925925926,0.12037037037037036
Fortaleza,GRANJA PORTUGAL,Domingo,12.0,1.5,0.21428571428571427
Fortaleza,GRANJA PORTUGAL,Quarta-feira,5.0,0.625,0.08928571428571429
Fortaleza,GRANJA PORTUGAL,Quinta-feira,7.0,0.875,0.125
Fortaleza,GRANJA PORTUGAL,Segunda-feira,5.0,0.625,0.08928571428571429
Fortaleza,GRANJA PORTUGAL,Sexta-feira,9.0,1.125,0.16071428571428573
Fortaleza,GRANJA PORTUGAL,Sábado,10.0,1.25,0.17857142857142858
Fortaleza,GRANJA PORTUGAL,Terça-feira,8.0,1.0,0.14285714285714285
Fortaleza,GUAJERU,Domingo,6.0,2.0,0.3333333333333333
Fortaleza,GUAJERU,Quarta-feira,1.0,0.3333333333333333,0.05555555555555555
Fortaleza,GUAJERU,Quinta-feira,2.0,0.6666666666666666,0.1111111111111111
Fortaleza,GUAJERU,Segunda-feira,2.0,0.6666666666666666,0.1111111111111111
Fortaleza,GUAJERU,Sábado,5.0,1.6666666666666667,0.2777777777777778
Fortaleza,GUAJERU,Terça-feira,2.0,0.6666666666666666,0.1111111111111111
Fortaleza,HENRIQUE JORGE,Domingo,5.0,1.5789473684210527,0.2631578947368421
Fortaleza,HENRIQUE JORGE,Quarta-feira,2.0,0.6315789473684211,0.10526315789473684
Fortaleza,HENRIQUE JORGE,Quinta-feira,5.0,1.5789473684210527,0.2631578947368421
Fortaleza,HENRIQUE JORGE,Sexta-feira,4.0,1.2631578947368423,0.21052631578947367
Fortaleza,HENRIQUE JORGE,Sábado,1.0,0.31578947368421056,0.05263157894736842
Fortaleza,HENRIQUE JORGE,Terça-feira,2.0,0.6315789473684211,0.10526315789473684
Fortaleza,ITAOCA,Domingo,1.0,0.625,0.125
Fortaleza,ITAOCA,Quarta-feira,1.0,0.625,0.125
Fortaleza,ITAOCA,Quinta-feira,3.0,1.875,0.375
Fortaleza,ITAOCA,Sexta-feira,1.0,0.625,0.125
Fortaleza,ITAOCA,Terça-feira,2.0,1.25,0.25
Fortaleza,ITAPERI,Quarta-feira,3.0,1.5,0.3
Fortaleza,ITAPERI,Quinta-feira,1.0,0.5,0.1
Fortaleza,ITAPERI,Segunda-feira,1.0,0.5,0.1
Fortaleza,ITAPERI,Sábado,2.0,1.0,0.2
Fortaleza,ITAPERI,Terça-feira,3.0,1.5,0.3
Fortaleza,JACARECANGA,Domingo,5.0,1.206896551724138,0.1724137931034483
Fortaleza,JACARECANGA,Quarta-feira,2.0,0.48275862068965514,0.06896551724137931
Fortaleza,JACARECANGA,Quinta-feira,2.0,0.48275862068965514,0.06896551724137931
Fortaleza,JACARECANGA,Segunda-feira,7.0,1.689655172413793,0.2413793103448276
Fortaleza,JACARECANGA,Sexta-feira,1.0,0.24137931034482757,0.034482758620689655
Fortaleza,JACARECANGA,Sábado,6.0,1.4482758620689653,0.20689655172413793
Fortaleza,JACARECANGA,Terça-feira,6.0,1.4482758620689653,0.20689655172413793
Fortaleza,JANGURUSSU,Domingo,26.0,1.1666666666666667,0.16666666666666666
Fortaleza,JANGURUSSU,Quarta-feira,18.0,0.8076923076923077,0.11538461538461539
Fortaleza,JANGURUSSU,Quinta-feira,26.0,1.1666666666666667,0.16666666666666666
Fortaleza,JANGURUSSU,Segunda-feira,22.0,0.9871794871794872,0.14102564102564102
Fortaleza,JANGURUSSU,Sexta-feira,17.0,0.7628205128205129,0.10897435897435898
Fortaleza,JANGURUSSU,Sábado,19.0,0.8525641025641026,0.12179487179487179
Fortaleza,JANGURUSSU,Terça-feira,28.0,1.2564102564102564,0.1794871794871795
Fortaleza,JARDIM AMÉRICA,Domingo,3.0,1.7142857142857142,0.42857142857142855
Fortaleza,JARDIM AMÉRICA,Quarta-feira,1.0,0.5714285714285714,0.14285714285714285
Fortaleza,JARDIM AMÉRICA,Quinta-feira,2.0,1.1428571428571428,0.2857142857142857
Fortaleza,JARDIM AMÉRICA,Sábado,1.0,0.5714285714285714,0.14285714285714285
Fortaleza,JARDIM CEARENSE,Quarta-feira,2.0,1.3333333333333333,0.6666666666666666
Fortaleza,JARDIM CEARENSE,Sábado,1.0,0.6666666666666666,0.3333333333333333
Fortaleza,JARDIM DAS OLIVEIRAS,Domingo,4.0,0.5599999999999999,0.08
Fortaleza,JARDIM DAS OLIVEIRAS,Quarta-feira,13.0,1.8199999999999998,0.26
Fortaleza,JARDIM DAS OLIVEIRAS,Quinta-feira,4.0,0.5599999999999999,0.08
Fortaleza,JARDIM DAS OLIVEIRAS,Segunda-feira,4.0,0.5599999999999999,0.08
Fortaleza,JARDIM DAS OLIVEIRAS,Sexta-feira,8.0,1.1199999999999999,0.16
Fortaleza,JARDIM DAS OLIVEIRAS,Sábado,10.0,1.4,0.2
Fortaleza,JARDIM DAS OLIVEIRAS,Terça-feira,7.0,0.98,0.14
Fortaleza,JARDIM GUANABARA,Domingo,1.0,0.5555555555555556,0.1111111111111111
Fortaleza,JARDIM GUANABARA,Quarta-feira,1.0,0.5555555555555556,0.1111111111111111
Fortaleza,JARDIM GUANABARA,Segunda-feira,1.0,0.5555555555555556,0.1111111111111111
Fortaleza,JARDIM GUANABARA,Sexta-feira,2.0,1.1111111111111112,0.2222222222222222
Fortaleza,JARDIM GUANABARA,Terça-feira,4.0,2.2222222222222223,0.4444444444444444
Fortaleza,JARDIM IRACEMA,Domingo,2.0,0.7,0.1
Fortaleza,JARDIM IRACEMA,Quarta-feira,4.0,1.4,0.2
Fortaleza,JARDIM IRACEMA,Quinta-feira,2.0,0.7,0.1
Fortaleza,JARDIM IRACEMA,Segunda-feira,1.0,0.35,0.05
Fortaleza,JARDIM IRACEMA,Sexta-feira,1.0,0.35,0.05
Fortaleza,JARDIM IRACEMA,Sábado,5.0,1.75,0.25
Fortaleza,JARDIM IRACEMA,Terça-feira,5.0,1.75,0.25
Fortaleza,JOAQUIM TÁVORA,Domingo,1.0,0.7,0.1
Fortaleza,JOAQUIM TÁVORA,Quarta-feira,3.0,2.1,0.3
Fortaleza,JOAQUIM TÁVORA,Quinta-feira,2.0,1.4,0.2
Fortaleza,JOAQUIM TÁVORA,Segunda-feira,1.0,0.7,0.1
Fortaleza,JOAQUIM TÁVORA,Sexta-feira,1.0,0.7,0.1
Fortaleza,JOAQUIM TÁVORA,Sábado,1.0,0.7,0.1
Fortaleza,JOAQUIM TÁVORA,Terça-feira,1.0,0.7,0.1
Fortaleza,JOSÉ BONIFÁCIO,Quarta-feira,3.0,1.6363636363636365,0.2727272727272727
Fortaleza,JOSÉ BONIFÁCIO,Quinta-feira,1.0,0.5454545454545455,0.09090909090909091
Fortaleza,JOSÉ BONIFÁCIO,Segunda-feira,3.0,1.6363636363636365,0.2727272727272727
Fortaleza,JOSÉ BONIFÁCIO,Sexta-feira,1.0,0.5454545454545455,0.09090909090909091
Fortaleza,JOSÉ BONIFÁCIO,Sábado,2.0,1.090909090909091,0.18181818181818182
Fortaleza,JOSÉ BONIFÁCIO,Terça-feira,1.0,0.5454545454545455,0.09090909090909091
Fortaleza,JOSÉ DE ALENCAR,Domingo,12.0,2.27027027027027,0.32432432432432434
Fortaleza,JOSÉ DE ALENCAR,Quarta-feira,3.0,0.5675675675675675,0.08108108108108109
Fortaleza,JOSÉ DE ALENCAR,Quinta-feira,2.0,0.3783783783783784,0.05405405405405406
Fortaleza,JOSÉ DE ALENCAR,Segunda-feira,6.0,1.135135135135135,0.16216216216216217
Fortaleza,JOSÉ DE ALENCAR,Sexta-feira,5.0,0.9459459459459459,0.13513513513513514
Fortaleza,JOSÉ DE ALENCAR,Sábado,6.0,1.135135135135135,0.16216216216216217
Fortaleza,JOSÉ DE ALENCAR,Terça-feira,3.0,0.5675675675675675,0.08108108108108109
Fortaleza,JOÃO XXIII,Domingo,1.0,0.6,0.1
Fortaleza,JOÃO XXIII,Quarta-feira,2.0,1.2,0.2
Fortaleza,JOÃO XXIII,Quinta-feira,2.0,1.2,0.2
Fortaleza,JOÃO XXIII,Segunda-feira,2.0,1.2,0.2
Fortaleza,JOÃO XXIII,Sábado,1.0,0.6,0.1
Fortaleza,JOÃO XXIII,Terça-feira,2.0,1.2,0.2
Fortaleza,JÓQUEI CLUBE,Domingo,2.0,0.8333333333333334,0.16666666666666666
Fortaleza,JÓQUEI CLUBE,Quarta-feira,1.0,0.4166666666666667,0.08333333333333333
Fortaleza,JÓQUEI CLUBE,Quinta-feira,5.0,2.0833333333333335,0.4166666666666667
Fortaleza,JÓQUEI CLUBE,Sexta-feira,3.0,1.25,0.25
Fortaleza,JÓQUEI CLUBE,Terça-feira,1.0,0.4166666666666667,0.08333333333333333
Fortaleza,LAGOA REDONDA,Domingo,6.0,0.7924528301886793,0.11320754716981132
Fortaleza,LAGOA REDONDA,Quarta-feira,9.0,1.1886792452830188,0.16981132075471697
Fortaleza,LAGOA REDONDA,Quinta-feira,8.0,1.0566037735849056,0.1509433962264151
Fortaleza,LAGOA REDONDA,Segunda-feira,6.0,0.7924528301886793,0.11320754716981132
Fortaleza,LAGOA REDONDA,Sexta-feira,7.0,0.9245283018867925,0.1320754716981132
Fortaleza,LAGOA REDONDA,Sábado,9.0,1.1886792452830188,0.16981132075471697
Fortaleza,LAGOA REDONDA,Terça-feira,8.0,1.0566037735849056,0.1509433962264151
Fortaleza,MANOEL SÁTIRO,Domingo,5.0,1.3043478260869565,0.21739130434782608
Fortaleza,MANOEL SÁTIRO,Quarta-feira,5.0,1.3043478260869565,0.21739130434782608
Fortaleza,MANOEL SÁTIRO,Quinta-feira,2.0,0.5217391304347826,0.08695652173913043
Fortaleza,MANOEL SÁTIRO,Segunda-feira,3.0,0.7826086956521738,0.13043478260869565
Fortaleza,MANOEL SÁTIRO,Sexta-feira,5.0,1.3043478260869565,0.21739130434782608
Fortaleza,MANOEL SÁTIRO,Sábado,3.0,0.7826086956521738,0.13043478260869565
Fortaleza,MANUEL DIAS BRANCO,Domingo,1.0,0.5,0.07142857142857142
Fortaleza,MANUEL DIAS BRANCO,Quarta-feira,2.0,1.0,0.14285714285714285
Fortaleza,MANUEL DIAS BRANCO,Quinta-feira,3.0,1.5,0.21428571428571427
Fortaleza,MANUEL DIAS BRANCO,Segunda-feira,2.0,1.0,0.14285714285714285
Fortaleza,MANUEL DIAS BRANCO,Sexta-feira,3.0,1.5,0.21428571428571427
Fortaleza,MANUEL DIAS BRANCO,Sábado,2.0,1.0,0.14285714285714285
Fortaleza,MANUEL DIAS BRANCO,Terça-feira,1.0,0.5,0.07142857142857142
Fortaleza,MARAPONGA,Domingo,3.0,1.0,0.2
Fortaleza,MARAPONGA,Quinta-feira,1.0,0.3333333333333333,0.06666666666666667
Fortaleza,MARAPONGA,Segunda-feira,3.0,1.0,0.2
Fortaleza,MARAPONGA,Sexta-feira,4.0,1.3333333333333333,0.26666666666666666
Fortaleza,MARAPONGA,Sábado,4.0,1.3333333333333333,0.26666666666666666
Fortaleza,MEIRELES,Domingo,2.0,1.4285714285714286,0.2857142857142857
Fortaleza,MEIRELES,Quarta-feira,1.0,0.7142857142857143,0.14285714285714285
Fortaleza,MEIRELES,Segunda-feira,1.0,0.7142857142857143,0.14285714285714285
Fortaleza,MEIRELES,Sexta-feira,2.0,1.4285714285714286,0.2857142857142857
Fortaleza,MEIRELES,Sábado,1.0,0.7142857142857143,0.14285714285714285
Fortaleza,MESSEJANA,Domingo,22.0,1.3873873873873874,0.1981981981981982
Fortaleza,MESSEJANA,Quarta-feira,19.0,1.1981981981981982,0.17117117117117117
Fortaleza,MESSEJANA,Quinta-feira,19.0,1.1981981981981982,0.17117117117117117
Fortaleza,MESSEJANA,Segunda-feira,12.0,0.7567567567567567,0.10810810810810811
Fortaleza,MESSEJANA,Sexta-feira,12.0,0.7567567567567567,0.10810810810810811
Fortaleza,MESSEJANA,Sábado,18.0,1.135135135135135,0.16216216216216217
Fortaleza,MESSEJANA,Terça-feira,9.0,0.5675675675675675,0.08108108108108109
Fortaleza,MONDUBIM,Domingo,11.0,1.0266666666666668,0.14666666666666667
Fortaleza,MONDUBIM,Quarta-feira,9.0,0.8400000000000001,0.12
Fortaleza,MONDUBIM,Quinta-feira,7.0,0.6533333333333334,0.09333333333333334
Fortaleza,MONDUBIM,Segunda-feira,12.0,1.12,0.16
Fortaleza,MONDUBIM,Sexta-feira,13.0,1.2133333333333334,0.17333333333333334
Fortaleza,MONDUBIM,Sábado,11.0,1.0266666666666668,0.14666666666666667
Fortaleza,MONDUBIM,Terça-feira,12.0,1.12,0.16
Fortaleza,MONTE CASTELO,Sexta-feira,2.0,1.0,1.0
Fortaleza,MONTESE,Quinta-feira,4.0,2.2222222222222223,0.4444444444444444
Fortaleza,MONTESE,Segunda-feira,1.0,0.5555555555555556,0.1111111111111111
Fortaleza,MONTESE,Sexta-feira,1.0,0.5555555555555556,0.1111111111111111
Fortaleza,MONTESE,Sábado,1.0,0.5555555555555556,0.1111111111111111
Fortaleza,MONTESE,Terça-feira,2.0,1.1111111111111112,0.2222222222222222
Fortaleza,MOURA BRASIL,Domingo,3.0,1.3636363636363635,0.2727272727272727
Fortaleza,MOURA BRASIL,Quarta-feira,1.0,0.45454545454545453,0.09090909090909091
Fortaleza,MOURA BRASIL,Quinta-feira,3.0,1.3636363636363635,0.2727272727272727
Fortaleza,MOURA BRASIL,Segunda-feira,2.0,0.9090909090909091,0.18181818181818182
Fortaleza,MOURA BRASIL,Sábado,2.0,0.9090909090909091,0.18181818181818182
Fortaleza,MUCURIPE,Domingo,3.0,2.142857142857143,0.42857142857142855
Fortaleza,MUCURIPE,Quinta-feira,1.0,0.7142857142857143,0.14285714285714285
Fortaleza,MUCURIPE,Segunda-feira,1.0,0.7142857142857143,0.14285714285714285
Fortaleza,MUCURIPE,Sexta-feira,1.0,0.7142857142857143,0.14285714285714285
Fortaleza,MUCURIPE,Sábado,1.0,0.7142857142857143,0.14285714285714285
Fortaleza,NOVO MONDUBIM,Domingo,5.0,1.3043478260869565,0.21739130434782608
Fortaleza,NOVO MONDUBIM,Quinta-feira,3.0,0.7826086956521738,0.13043478260869565
Fortaleza,NOVO MONDUBIM,Segunda-feira,2.0,0.5217391304347826,0.08695652173913043
Fortaleza,NOVO MONDUBIM,Sexta-feira,7.0,1.826086956521739,0.30434782608695654
Fortaleza,NOVO MONDUBIM,Sábado,4.0,1.0434782608695652,0.17391304347826086
Fortaleza,NOVO MONDUBIM,Terça-feira,2.0,0.5217391304347826,0.08695652173913043
Fortaleza,OLAVO OLIVEIRA,Domingo,1.0,0.42857142857142855,0.07142857142857142
Fortaleza,OLAVO OLIVEIRA,Quarta-feira,3.0,1.2857142857142856,0.21428571428571427
Fortaleza,OLAVO OLIVEIRA,Segunda-feira,4.0,1.7142857142857142,0.2857142857142857
Fortaleza,OLAVO OLIVEIRA,Sexta-feira,1.0,0.42857142857142855,0.07142857142857142
Fortaleza,OLAVO OLIVEIRA,Sábado,2.0,0.8571428571428571,0.14285714285714285
Fortaleza,OLAVO OLIVEIRA,Terça-feira,3.0,1.2857142857142856,0.21428571428571427
Fortaleza,PADRE ANDRADE,Domingo,5.0,1.5217391304347827,0.21739130434782608
Fortaleza,PADRE ANDRADE,Quarta-feira,3.0,0.9130434782608696,0.13043478260869565
Fortaleza,PADRE ANDRADE,Quinta-feira,3.0,0.9130434782608696,0.13043478260869565
Fortaleza,PADRE ANDRADE,Segunda-feira,1.0,0.30434782608695654,0.043478260869565216
Fortaleza,PADRE ANDRADE,Sexta-feira,4.0,1.2173913043478262,0.17391304347826086
Fortaleza,PADRE ANDRADE,Sábado,4.0,1.2173913043478262,0.17391304347826086
Fortaleza,PADRE ANDRADE,Terça-feira,3.0,0.9130434782608696,0.13043478260869565
Fortaleza,PANAMERICANO,Quinta-feira,1.0,0.6666666666666666,0.3333333333333333
Fortaleza,PANAMERICANO,Terça-feira,2.0,1.3333333333333333,0.6666666666666666
Fortaleza,PAPICU,Domingo,4.0,1.0,0.14285714285714285
Fortaleza,PAPICU,Quarta-feira,2.0,0.5,0.07142857142857142
Fortaleza,PAPICU,Quinta-feira,4.0,1.0,0.14285714285714285
Fortaleza,PAPICU,Segunda-feira,3.0,0.75,0.10714285714285714
Fortaleza,PAPICU,Sexta-feira,4.0,1.0,0.14285714285714285
Fortaleza,PAPICU,Sábado,8.0,2.0,0.2857142857142857
Fortaleza,PAPICU,Terça-feira,3.0,0.75,0.10714285714285714
Fortaleza,PARANGABA,Domingo,2.0,0.8,0.13333333333333333
Fortaleza,PARANGABA,Quinta-feira,1.0,0.4,0.06666666666666667
Fortaleza,PARANGABA,Segunda-feira,4.0,1.6,0.26666666666666666
Fortaleza,PARANGABA,Sexta-feira,2.0,0.8,0.13333333333333333
Fortaleza,PARANGABA,Sábado,4.0,1.6,0.26666666666666666
Fortaleza,PARANGABA,Terça-feira,2.0,0.8,0.13333333333333333
Fortaleza,PARQUE ARAXÁ,Sexta-feira,2.0,1.0,1.0
Fortaleza,PARQUE DOIS IRMĂOS,Domingo,8.0,1.696969696969697,0.24242424242424243
Fortaleza,PARQUE DOIS IRMĂOS,Quarta-feira,5.0,1.0606060606060606,0.15151515151515152
Fortaleza,PARQUE DOIS IRMĂOS,Quinta-feira,2.0,0.42424242424242425,0.06060606060606061
Fortaleza,PARQUE DOIS IRMĂOS,Segunda-feira,8.0,1.696969696969697,0.24242424242424243
Fortaleza,PARQUE DOIS IRMĂOS,Sexta-feira,4.0,0.8484848484848485,0.12121212121212122
Fortaleza,PARQUE DOIS IRMĂOS,Sábado,3.0,0.6363636363636364,0.09090909090909091
Fortaleza,PARQUE DOIS IRMĂOS,Terça-feira,3.0,0.6363636363636364,0.09090909090909091
Fortaleza,PARQUE IRACEMA,Domingo,4.0,2.0,0.3333333333333333
Fortaleza,PARQUE IRACEMA,Quarta-feira,1.0,0.5,0.08333333333333333
Fortaleza,PARQUE IRACEMA,Quinta-feira,3.0,1.5,0.25
Fortaleza,PARQUE IRACEMA,Sexta-feira,1.0,0.5,0.08333333333333333
Fortaleza,PARQUE IRACEMA,Sábado,2.0,1.0,0.16666666666666666
Fortaleza,PARQUE IRACEMA,Terça-feira,1.0,0.5,0.08333333333333333
Fortaleza,PARQUE MANIBURA,Quarta-feira,1.0,0.6666666666666666,0.16666666666666666
Fortaleza,PARQUE MANIBURA,Quinta-feira,2.0,1.3333333333333333,0.3333333333333333
Fortaleza,PARQUE MANIBURA,Segunda-feira,1.0,0.6666666666666666,0.16666666666666666
Fortaleza,PARQUE MANIBURA,Sexta-feira,2.0,1.3333333333333333,0.3333333333333333
Fortaleza,PARQUE PRESIDENTE VARGAS,Domingo,1.0,0.4166666666666667,0.08333333333333333
Fortaleza,PARQUE PRESIDENTE VARGAS,Quarta-feira,2.0,0.8333333333333334,0.16666666666666666
Fortaleza,PARQUE PRESIDENTE VARGAS,Quinta-feira,1.0,0.4166666666666667,0.08333333333333333
Fortaleza,PARQUE PRESIDENTE VARGAS,Sexta-feira,4.0,1.6666666666666667,0.3333333333333333
Fortaleza,PARQUE PRESIDENTE VARGAS,Terça-feira,4.0,1.6666666666666667,0.3333333333333333
Fortaleza,PARQUE SANTA MARIA,Domingo,1.0,0.35,0.05
Fortaleza,PARQUE SANTA MARIA,Quarta-feira,2.0,0.7,0.1
Fortaleza,PARQUE SANTA MARIA,Quinta-feira,2.0,0.7,0.1
Fortaleza,PARQUE SANTA MARIA,Segunda-feira,5.0,1.75,0.25
Fortaleza,PARQUE SANTA MARIA,Sexta-feira,7.0,2.4499999999999997,0.35
Fortaleza,PARQUE SANTA MARIA,Sábado,2.0,0.7,0.1
Fortaleza,PARQUE SANTA MARIA,Terça-feira,1.0,0.35,0.05
Fortaleza,PARQUE SANTA ROSA,Domingo,2.0,1.3333333333333333,0.2222222222222222
Fortaleza,PARQUE SANTA ROSA,Quarta-feira,1.0,0.6666666666666666,0.1111111111111111
Fortaleza,PARQUE SANTA ROSA,Segunda-feira,2.0,1.3333333333333333,0.2222222222222222
Fortaleza,PARQUE SANTA ROSA,Sexta-feira,1.0,0.6666666666666666,0.1111111111111111
Fortaleza,PARQUE SANTA ROSA,Sábado,1.0,0.6666666666666666,0.1111111111111111
Fortaleza,PARQUE SANTA ROSA,Terça-feira,2.0,1.3333333333333333,0.2222222222222222
Fortaleza,PARQUE SĂO JOSÉ,Domingo,6.0,1.44,0.24
Fortaleza,PARQUE SĂO JOSÉ,Quarta-feira,2.0,0.48,0.08
Fortaleza,PARQUE SĂO JOSÉ,Quinta-feira,8.0,1.92,0.32
Fortaleza,PARQUE SĂO JOSÉ,Sexta-feira,2.0,0.48,0.08
Fortaleza,PARQUE SĂO JOSÉ,Sábado,3.0,0.72,0.12
Fortaleza,PARQUE SĂO JOSÉ,Terça-feira,4.0,0.96,0.16
Fortaleza,PARQUELÂNDIA,Domingo,1.0,1.0,0.25
Fortaleza,PARQUELÂNDIA,Segunda-feira,1.0,1.0,0.25
Fortaleza,PARQUELÂNDIA,Sexta-feira,1.0,1.0,0.25
Fortaleza,PARQUELÂNDIA,Sábado,1.0,1.0,0.25
Fortaleza,PARREÃO,Quinta-feira,1.0,0.8,0.2
Fortaleza,PARREÃO,Sexta-feira,1.0,0.8,0.2
Fortaleza,PARREÃO,Sábado,2.0,1.6,0.4
Fortaleza,PARREÃO,Terça-feira,1.0,0.8,0.2
Fortaleza,PASSARÉ,Domingo,9.0,0.9692307692307691,0.13846153846153847
Fortaleza,PASSARÉ,Quarta-feira,16.0,1.723076923076923,0.24615384615384617
Fortaleza,PASSARÉ,Quinta-feira,14.0,1.5076923076923077,0.2153846153846154
Fortaleza,PASSARÉ,Segunda-feira,8.0,0.8615384615384615,0.12307692307692308
Fortaleza,PASSARÉ,Sexta-feira,5.0,0.5384615384615384,0.07692307692307693
Fortaleza,PASSARÉ,Sábado,2.0,0.21538461538461537,0.03076923076923077
Fortaleza,PASSARÉ,Terça-feira,11.0,1.1846153846153846,0.16923076923076924
Fortaleza,PAUPINA,Domingo,5.0,0.853658536585366,0.12195121951219512
Fortaleza,PAUPINA,Quarta-feira,4.0,0.6829268292682927,0.0975609756097561
Fortaleza,PAUPINA,Quinta-feira,4.0,0.6829268292682927,0.0975609756097561
Fortaleza,PAUPINA,Segunda-feira,5.0,0.853658536585366,0.12195121951219512
Fortaleza,PAUPINA,Sexta-feira,11.0,1.878048780487805,0.2682926829268293
Fortaleza,PAUPINA,Sábado,7.0,1.1951219512195124,0.17073170731707318
Fortaleza,PAUPINA,Terça-feira,5.0,0.853658536585366,0.12195121951219512
Fortaleza,PEDRAS,Domingo,3.0,0.7777777777777778,0.1111111111111111
Fortaleza,PEDRAS,Quarta-feira,2.0,0.5185185185185185,0.07407407407407407
Fortaleza,PEDRAS,Quinta-feira,4.0,1.037037037037037,0.14814814814814814
Fortaleza,PEDRAS,Segunda-feira,6.0,1.5555555555555556,0.2222222222222222
Fortaleza,PEDRAS,Sexta-feira,5.0,1.2962962962962963,0.18518518518518517
Fortaleza,PEDRAS,Sábado,5.0,1.2962962962962963,0.18518518518518517
Fortaleza,PEDRAS,Terça-feira,2.0,0.5185185185185185,0.07407407407407407
Fortaleza,PICI,Domingo,3.0,0.375,0.05357142857142857
Fortaleza,PICI,Quarta-feira,9.0,1.125,0.16071428571428573
Fortaleza,PICI,Quinta-feira,8.0,1.0,0.14285714285714285
Fortaleza,PICI,Segunda-feira,13.0,1.625,0.23214285714285715
Fortaleza,PICI,Sexta-feira,5.0,0.625,0.08928571428571429
Fortaleza,PICI,Sábado,13.0,1.625,0.23214285714285715
Fortaleza,PICI,Terça-feira,5.0,0.625,0.08928571428571429
Fortaleza,PIRAMBU,Domingo,3.0,0.6,0.08571428571428572
Fortaleza,PIRAMBU,Quarta-feira,4.0,0.8,0.11428571428571428
Fortaleza,PIRAMBU,Quinta-feira,5.0,1.0,0.14285714285714285
Fortaleza,PIRAMBU,Segunda-feira,2.0,0.4,0.05714285714285714
Fortaleza,PIRAMBU,Sexta-feira,4.0,0.8,0.11428571428571428
Fortaleza,PIRAMBU,Sábado,11.0,2.2,0.3142857142857143
Fortaleza,PIRAMBU,Terça-feira,6.0,1.2,0.17142857142857143
Fortaleza,PLANALTO AYRTON SENNA,Domingo,18.0,1.3548387096774193,0.1935483870967742
Fortaleza,PLANALTO AYRTON SENNA,Quarta-feira,9.0,0.6774193548387096,0.0967741935483871
Fortaleza,PLANALTO AYRTON SENNA,Quinta-feira,11.0,0.8279569892473118,0.11827956989247312
Fortaleza,PLANALTO AYRTON SENNA,Segunda-feira,11.0,0.8279569892473118,0.11827956989247312
Fortaleza,PLANALTO AYRTON SENNA,Sexta-feira,20.0,1.5053763440860215,0.21505376344086022
Fortaleza,PLANALTO AYRTON SENNA,Sábado,13.0,0.9784946236559139,0.13978494623655913
Fortaleza,PLANALTO AYRTON SENNA,Terça-feira,11.0,0.8279569892473118,0.11827956989247312
Fortaleza,PRAIA DE IRACEMA,Domingo,1.0,0.7142857142857143,0.14285714285714285
Fortaleza,PRAIA DE IRACEMA,Quarta-feira,3.0,2.142857142857143,0.42857142857142855
Fortaleza,PRAIA DE IRACEMA,Quinta-feira,1.0,0.7142857142857143,0.14285714285714285
Fortaleza,PRAIA DE IRACEMA,Segunda-feira,1.0,0.7142857142857143,0.14285714285714285
Fortaleza,PRAIA DE IRACEMA,Terça-feira,1.0,0.7142857142857143,0.14285714285714285
Fortaleza,PRAIA DO FUTURO I,Domingo,4.0,1.8181818181818181,0.36363636363636365
Fortaleza,PRAIA DO FUTURO I,Quarta-feira,1.0,0.45454545454545453,0.09090909090909091
Fortaleza,PRAIA DO FUTURO I,Segunda-feira,1.0,0.45454545454545453,0.09090909090909091
Fortaleza,PRAIA DO FUTURO I,Sábado,3.0,1.3636363636363635,0.2727272727272727
Fortaleza,PRAIA DO FUTURO I,Terça-feira,2.0,0.9090909090909091,0.18181818181818182
Fortaleza,PRAIA DO FUTURO II,Domingo,10.0,1.590909090909091,0.22727272727272727
Fortaleza,PRAIA DO FUTURO II,Quarta-feira,5.0,0.7954545454545455,0.11363636363636363
Fortaleza,PRAIA DO FUTURO II,Quinta-feira,4.0,0.6363636363636364,0.09090909090909091
Fortaleza,PRAIA DO FUTURO II,Segunda-feira,4.0,0.6363636363636364,0.09090909090909091
Fortaleza,PRAIA DO FUTURO II,Sexta-feira,10.0,1.590909090909091,0.22727272727272727
Fortaleza,PRAIA DO FUTURO II,Sábado,10.0,1.590909090909091,0.22727272727272727
Fortaleza,PRAIA DO FUTURO II,Terça-feira,1.0,0.1590909090909091,0.022727272727272728
Fortaleza,PRECABURA,Domingo,3.0,1.7999999999999998,0.6
Fortaleza,PRECABURA,Quarta-feira,1.0,0.6,0.2
Fortaleza,PRECABURA,Quinta-feira,1.0,0.6,0.2
Fortaleza,PREFEITO JOSÉ WALTER,Domingo,17.0,1.1553398058252429,0.1650485436893204
Fortaleza,PREFEITO JOSÉ WALTER,Quarta-feira,12.0,0.8155339805825244,0.11650485436893204
Fortaleza,PREFEITO JOSÉ WALTER,Quinta-feira,14.0,0.9514563106796117,0.13592233009708737
Fortaleza,PREFEITO JOSÉ WALTER,Segunda-feira,16.0,1.087378640776699,0.1553398058252427
Fortaleza,PREFEITO JOSÉ WALTER,Sexta-feira,21.0,1.4271844660194175,0.20388349514563106
Fortaleza,PREFEITO JOSÉ WALTER,Sábado,13.0,0.883495145631068,0.1262135922330097
Fortaleza,PREFEITO JOSÉ WALTER,Terça-feira,10.0,0.6796116504854369,0.0970873786407767
Fortaleza,PRESIDENTE KENNEDY,Domingo,5.0,1.75,0.25
Fortaleza,PRESIDENTE KENNEDY,Quarta-feira,4.0,1.4,0.2
Fortaleza,PRESIDENTE KENNEDY,Quinta-feira,3.0,1.05,0.15
Fortaleza,PRESIDENTE KENNEDY,Segunda-feira,1.0,0.35,0.05
Fortaleza,PRESIDENTE KENNEDY,Sexta-feira,1.0,0.35,0.05
Fortaleza,PRESIDENTE KENNEDY,Sábado,4.0,1.4,0.2
Fortaleza,PRESIDENTE KENNEDY,Terça-feira,2.0,0.7,0.1
Fortaleza,QUINTINO CUNHA,Domingo,9.0,1.1454545454545455,0.16363636363636364
Fortaleza,QUINTINO CUNHA,Quarta-feira,3.0,0.38181818181818183,0.05454545454545454
Fortaleza,QUINTINO CUNHA,Quinta-feira,4.0,0.5090909090909091,0.07272727272727272
Fortaleza,QUINTINO CUNHA,Segunda-feira,9.0,1.1454545454545455,0.16363636363636364
Fortaleza,QUINTINO CUNHA,Sexta-feira,13.0,1.6545454545454545,0.23636363636363636
Fortaleza,QUINTINO CUNHA,Sábado,6.0,0.7636363636363637,0.10909090909090909
Fortaleza,QUINTINO CUNHA,Terça-feira,11.0,1.4000000000000001,0.2
Fortaleza,RACHEL DE QUEIROZ,Domingo,1.0,0.8571428571428571,0.14285714285714285
Fortaleza,RACHEL DE QUEIROZ,Quarta-feira,1.0,0.8571428571428571,0.14285714285714285
Fortaleza,RACHEL DE QUEIROZ,Quinta-feira,2.0,1.7142857142857142,0.2857142857142857
Fortaleza,RACHEL DE QUEIROZ,Sexta-feira,1.0,0.8571428571428571,0.14285714285714285
Fortaleza,RACHEL DE QUEIROZ,Sábado,1.0,0.8571428571428571,0.14285714285714285
Fortaleza,RACHEL DE QUEIROZ,Terça-feira,1.0,0.8571428571428571,0.14285714285714285
Fortaleza,RODOLFO TEÓFILO,Quarta-feira,2.0,1.2,0.4
Fortaleza,RODOLFO TEÓFILO,Quinta-feira,1.0,0.6,0.2
Fortaleza,RODOLFO TEÓFILO,Sexta-feira,2.0,1.2,0.4
Fortaleza,SABIAGUABA,Domingo,1.0,0.5555555555555556,0.1111111111111111
Fortaleza,SABIAGUABA,Quarta-feira,3.0,1.6666666666666665,0.3333333333333333
Fortaleza,SABIAGUABA,Quinta-feira,2.0,1.1111111111111112,0.2222222222222222
Fortaleza,SABIAGUABA,Sexta-feira,1.0,0.5555555555555556,0.1111111111111111
Fortaleza,SABIAGUABA,Sábado,2.0,1.1111111111111112,0.2222222222222222
Fortaleza,SALINAS,Domingo,2.0,1.3333333333333333,0.6666666666666666
Fortaleza,SALINAS,Sábado,1.0,0.6666666666666666,0.3333333333333333
Fortaleza,SAPIRANGA / COITÉ,Domingo,2.0,0.411764705882353,0.058823529411764705
Fortaleza,SAPIRANGA / COITÉ,Quarta-feira,7.0,1.4411764705882355,0.20588235294117646
Fortaleza,SAPIRANGA / COITÉ,Quinta-feira,3.0,0.6176470588235294,0.08823529411764706
Fortaleza,SAPIRANGA / COITÉ,Segunda-feira,3.0,0.6176470588235294,0.08823529411764706
Fortaleza,SAPIRANGA / COITÉ,Sexta-feira,4.0,0.823529411764706,0.11764705882352941
Fortaleza,SAPIRANGA / COITÉ,Sábado,8.0,1.647058823529412,0.23529411764705882
Fortaleza,SAPIRANGA / COITÉ,Terça-feira,7.0,1.4411764705882355,0.20588235294117646
Fortaleza,SERRINHA,Domingo,5.0,1.4583333333333335,0.20833333333333334
Fortaleza,SERRINHA,Quarta-feira,1.0,0.2916666666666667,0.041666666666666664
Fortaleza,SERRINHA,Quinta-feira,3.0,0.875,0.125
Fortaleza,SERRINHA,Segunda-feira,4.0,1.1666666666666667,0.16666666666666666
Fortaleza,SERRINHA,Sexta-feira,4.0,1.1666666666666667,0.16666666666666666
Fortaleza,SERRINHA,Sábado,5.0,1.4583333333333335,0.20833333333333334
Fortaleza,SERRINHA,Terça-feira,2.0,0.5833333333333334,0.08333333333333333
Fortaleza,SIQUEIRA,Domingo,14.0,1.2098765432098766,0.1728395061728395
Fortaleza,SIQUEIRA,Quarta-feira,9.0,0.7777777777777778,0.1111111111111111
Fortaleza,SIQUEIRA,Quinta-feira,7.0,0.6049382716049383,0.08641975308641975
Fortaleza,SIQUEIRA,Segunda-feira,10.0,0.8641975308641976,0.12345679012345678
Fortaleza,SIQUEIRA,Sexta-feira,16.0,1.382716049382716,0.19753086419753085
Fortaleza,SIQUEIRA,Sábado,15.0,1.2962962962962963,0.18518518518518517
Fortaleza,SIQUEIRA,Terça-feira,10.0,0.8641975308641976,0.12345679012345678
Fortaleza,SÃO BENTO,Domingo,4.0,1.2631578947368423,0.21052631578947367
Fortaleza,SÃO BENTO,Quarta-feira,2.0,0.6315789473684211,0.10526315789473684
Fortaleza,SÃO BENTO,Quinta-feira,1.0,0.31578947368421056,0.05263157894736842
Fortaleza,SÃO BENTO,Segunda-feira,2.0,0.6315789473684211,0.10526315789473684
Fortaleza,SÃO BENTO,Sexta-feira,5.0,1.5789473684210527,0.2631578947368421
Fortaleza,SÃO BENTO,Sábado,5.0,1.5789473684210527,0.2631578947368421
Fortaleza,SÃO GERARDO,Quinta-feira,1.0,1.0,0.3333333333333333
Fortaleza,SÃO GERARDO,Segunda-feira,1.0,1.0,0.3333333333333333
Fortaleza,SÃO GERARDO,Sexta-feira,1.0,1.0,0.3333333333333333
Fortaleza,SÃO JOÃO DO TAUAPE,Domingo,1.0,0.4375,0.0625
Fortaleza,SÃO JOÃO DO TAUAPE,Quarta-feira,1.0,0.4375,0.0625
Fortaleza,SÃO JOÃO DO TAUAPE,Quinta-feira,1.0,0.4375,0.0625
Fortaleza,SÃO JOÃO DO TAUAPE,Segunda-feira,4.0,1.75,0.25
Fortaleza,SÃO JOÃO DO TAUAPE,Sexta-feira,3.0,1.3125,0.1875
Fortaleza,SÃO JOÃO DO TAUAPE,Sábado,4.0,1.75,0.25
Fortaleza,SÃO JOÃO DO TAUAPE,Terça-feira,2.0,0.875,0.125
Fortaleza,VARJOTA,Domingo,2.0,1.6666666666666667,0.3333333333333333
Fortaleza,VARJOTA,Quinta-feira,1.0,0.8333333333333334,0.16666666666666666
Fortaleza,VARJOTA,Segunda-feira,1.0,0.8333333333333334,0.16666666666666666
Fortaleza,VARJOTA,Sexta-feira,1.0,0.8333333333333334,0.16666666666666666
Fortaleza,VARJOTA,Sábado,1.0,0.8333333333333334,0.16666666666666666
Fortaleza,VICENTE PINZÓN,Domingo,7.0,0.8448275862068965,0.1206896551724138
Fortaleza,VICENTE PINZÓN,Quarta-feira,9.0,1.086206896551724,0.15517241379310345
Fortaleza,VICENTE PINZÓN,Quinta-feira,10.0,1.206896551724138,0.1724137931034483
Fortaleza,VICENTE PINZÓN,Segunda-feira,8.0,0.9655172413793103,0.13793103448275862
Fortaleza,VICENTE PINZÓN,Sexta-feira,11.0,1.3275862068965516,0.1896551724137931
Fortaleza,VICENTE PINZÓN,Sábado,8.0,0.9655172413793103,0.13793103448275862
Fortaleza,VICENTE PINZÓN,Terça-feira,5.0,0.603448275862069,0.08620689655172414
Fortaleza,VILA PERI,Domingo,1.0,0.23333333333333334,0.03333333333333333
Fortaleza,VILA PERI,Quarta-feira,4.0,0.9333333333333333,0.13333333333333333
Fortaleza,VILA PERI,Quinta-feira,7.0,1.6333333333333333,0.23333333333333334
Fortaleza,VILA PERI,Segunda-feira,5.0,1.1666666666666667,0.16666666666666666
Fortaleza,VILA PERI,Sexta-feira,3.0,0.7000000000000001,0.1
Fortaleza,VILA PERI,Sábado,6.0,1.4000000000000001,0.2
Fortaleza,VILA PERI,Terça-feira,4.0,0.9333333333333333,0.13333333333333333
Fortaleza,VILA UNIĂO,Domingo,2.0,1.25,0.25
Fortaleza,VILA UNIĂO,Quarta-feira,1.0,0.625,0.125
Fortaleza,VILA UNIĂO,Quinta-feira,2.0,1.25,0.25
Fortaleza,VILA UNIĂO,Sexta-feira,2.0,1.25,0.25
Fortaleza,VILA UNIĂO,Terça-feira,1.0,0.625,0.125
Fortaleza,VILA VELHA,Domingo,8.0,1.2727272727272727,0.18181818181818182
Fortaleza,VILA VELHA,Quarta-feira,8.0,1.2727272727272727,0.18181818181818182
Fortaleza,VILA VELHA,Quinta-feira,4.0,0.6363636363636364,0.09090909090909091
Fortaleza,VILA VELHA,Segunda-feira,8.0,1.2727272727272727,0.18181818181818182
Fortaleza,VILA VELHA,Sexta-feira,7.0,1.1136363636363638,0.1590909090909091
Fortaleza,VILA VELHA,Sábado,8.0,1.2727272727272727,0.18181818181818182
Fortaleza,VILA VELHA,Terça-feira,1.0,0.1590909090909091,0.022727272727272728
Fortaleza,ÁLVARO WEYNE,Domingo,5.0,1.346153846153846,0.19230769230769232
Fortaleza,ÁLVARO WEYNE,Quarta-feira,2.0,0.5384615384615384,0.07692307692307693
Fortaleza,ÁLVARO WEYNE,Quinta-feira,4.0,1.0769230769230769,0.15384615384615385
Fortaleza,ÁLVARO WEYNE,Segunda-feira,3.0,0.8076923076923077,0.11538461538461539
Fortaleza,ÁLVARO WEYNE,Sexta-feira,4.0,1.0769230769230769,0.15384615384615385
Fortaleza,ÁLVARO WEYNE,Sábado,4.0,1.0769230769230769,0.15384615384615385
Fortaleza,ÁLVARO WEYNE,Terça-feira,4.0,1.0769230769230769,0.15384615384615385
